DATETIME,OUTBOUND_ALTITUDE
1978-12-05 15:11:12,522.0
1978-12-06 14:21:42,834.0
1978-12-07 14:31:46,687.0
1978-12-08 14:40:12,867.0
1978-12-09 14:48:14,1748.0
1978-12-11 15:04:10,645.0
1978-12-12 15:11:51,956.0
1978-12-13 15:19:28,600.0
1978-12-14 15:28:58,742.0
1978-12-15 15:38:23,441.0
1978-12-16 15:47:36,778.0
1978-12-17 15:56:41,621.0
1978-12-18 16:05:40,672.0
1978-12-20 16:23:22,1052.0
1978-12-21 16:31:58,1044.0
1978-12-22 16:40:26,959.0
1978-12-23 16:48:46,1137.0
1978-12-24 16:57:01,1162.0
1978-12-25 17:05:12,1170.0
1978-12-26 17:13:23,869.0
1978-12-27 17:21:31,921.0
1978-12-28 17:29:35,1139.0
1978-12-29 17:37:40,444.0
1978-12-30 17:45:41,985.0
1978-12-31 17:53:40,1233.0
1979-01-01 18:01:37,377.0
1979-01-03 18:17:24,1136.0
1979-01-04 18:22:26,1009.0
1979-01-05 18:27:21,1938.0
1979-01-06 18:32:15,1087.0
1979-01-07 18:37:09,1681.0
1979-01-08 18:42:02,2122.0
1979-01-09 18:46:54,2261.0
1979-01-10 18:51:47,1815.0
1979-01-11 18:56:33,1344.0
1979-01-12 19:00:55,2081.0
1979-01-14 19:09:34,1551.0
1979-01-15 19:13:53,468.0
1979-01-16 19:18:12,1515.0
1979-01-17 19:22:23,1145.0
1979-01-18 19:25:56,3134.0
1979-01-19 19:29:28,1584.0
1979-01-21 19:36:30,828.0
1979-01-22 19:40:02,1046.0
1979-01-23 19:43:34,1280.0
1979-01-24 19:46:53,2705.0
1979-01-25 19:49:20,1927.0
1979-01-26 19:51:45,2639.0
1979-01-27 19:54:10,1108.0
1979-01-29 19:58:58,622.0
1979-01-30 20:01:23,1238.0
1979-01-31 20:03:34,3536.0
1979-02-01 20:04:31,0.0
1979-02-02 20:05:24,2177.0
1979-02-03 20:06:15,2149.0
1979-02-04 20:07:05,0.0
1979-02-06 20:08:47,2681.0
1979-02-07 20:09:23,0.0
1979-02-08 20:09:05,2063.0
1979-02-09 20:08:46,2381.0
1979-02-10 20:08:26,1582.0
1979-02-11 20:08:05,1389.0
1979-02-12 20:07:44,2316.0
1979-02-13 20:07:23,1600.0
1979-02-14 20:06:48,1123.0
1979-02-15 20:05:23,0.0
1979-02-16 20:03:55,0.0
1979-02-19 19:59:27,866.0
1979-02-20 19:57:57,0.0
1979-02-21 19:56:14,1248.0
1979-02-22 19:53:44,794.0
1979-02-23 19:51:13,2891.0
1979-02-24 19:48:39,3517.0
1979-02-25 19:46:03,2099.0
1979-02-26 19:43:27,2750.0
1979-02-27 19:40:42,187.0
1979-02-28 19:37:25,2594.0
1979-03-01 19:34:05,1434.0
1979-03-02 19:30:40,1196.0
1979-03-03 19:27:13,16475.0
1979-03-04 19:23:43,2018.0
1979-03-05 19:20:13,0.0
1979-03-06 19:16:41,414.0
1979-03-07 19:13:08,1255.0
1979-03-08 19:09:34,1190.0
1979-03-09 19:05:59,1487.0
1979-03-10 19:02:23,945.0
1979-03-11 18:58:47,1422.0
1979-03-12 18:55:09,1039.0
1979-03-13 18:51:31,1269.0
1979-03-14 18:56:09,2175.0
1979-03-15 19:00:46,1485.0
1979-03-16 19:05:23,443.0
1979-03-17 19:09:58,1467.0
1979-03-18 19:14:33,811.0
1979-03-19 19:19:07,1376.0
1979-03-20 19:23:41,1107.0
1979-03-21 19:28:13,0.0
1979-03-22 19:32:45,2409.0
1979-03-23 19:37:16,1081.0
1979-03-24 19:41:45,1486.0
1979-03-25 19:46:14,1750.0
1979-03-26 19:50:41,1405.0
1979-03-27 19:55:08,1347.0
1979-03-28 19:59:34,1168.0
1979-03-29 20:03:58,0.0
1979-03-30 20:08:21,918.0
1979-03-31 20:12:44,605.0
1979-04-01 20:17:04,1028.0
1979-04-02 20:21:24,989.0
1979-04-03 20:25:41,942.0
1979-04-04 20:29:57,1126.0
1979-04-05 20:34:11,1058.0
1979-04-06 20:38:23,1192.0
1979-04-07 20:42:32,628.0
1979-04-08 20:46:38,1421.0
1979-04-09 20:50:40,818.0
1979-04-10 20:54:39,1457.0
1979-04-11 20:58:33,808.0
1979-04-12 21:02:24,816.0
1979-04-13 21:06:12,1019.0
1979-04-14 21:09:54,777.0
1979-04-15 21:13:27,709.0
1979-04-16 21:16:54,622.0
1979-04-17 21:20:12,738.0
1979-04-18 21:23:21,800.0
1979-04-19 21:26:20,1258.0
1979-04-20 21:29:10,590.0
1979-04-21 21:31:54,739.0
1979-04-22 21:34:31,803.0
1979-04-23 21:37:01,655.0
1979-04-24 21:39:24,822.0
1979-04-25 21:41:32,929.0
1979-04-26 21:43:17,915.0
1979-04-27 21:44:40,704.0
1979-04-28 21:45:52,710.0
1979-04-29 21:46:52,423.0
1979-04-30 21:47:40,653.0
1979-05-01 21:47:47,944.0
1979-05-02 21:47:38,490.0
1979-05-03 21:47:17,469.0
1979-05-04 21:46:48,510.0
1979-05-05 21:46:13,349.0
1979-05-06 21:45:34,516.0
1979-05-07 21:44:52,510.0
1979-05-08 21:44:00,378.0
1979-05-09 21:42:00,457.0
1979-05-10 21:39:43,315.0
1979-05-11 21:37:14,360.0
1979-05-12 21:34:39,570.0
1979-05-13 21:31:59,428.0
1979-05-14 21:29:15,478.0
1979-05-15 21:26:32,431.0
1979-05-16 21:23:29,435.0
1979-05-17 21:19:45,313.0
1979-05-18 21:15:45,683.0
1979-05-19 21:11:38,403.0
1979-05-20 21:07:28,383.0
1979-05-21 21:03:15,413.0
1979-05-22 20:59:00,531.0
1979-05-23 20:54:44,353.0
1979-05-24 20:50:11,340.0
1979-05-25 20:44:13,370.0
1979-05-26 20:38:02,387.0
1979-05-28 20:25:18,337.0
1979-05-29 20:18:42,285.0
1979-05-30 20:11:08,360.0
1979-05-31 20:03:05,323.0
1979-06-01 20:11:33,368.0
1979-06-02 20:19:40,326.0
1979-06-03 20:27:45,0.0
1979-06-05 20:43:49,510.0
1979-06-06 20:51:33,400.0
1979-06-07 20:57:58,478.0
1979-06-08 21:04:07,439.0
1979-06-09 21:10:06,338.0
1979-06-10 21:16:00,290.0
1979-06-11 21:21:48,315.0
1979-06-12 21:27:33,492.0
1979-06-13 21:33:15,335.0
1979-06-14 21:38:44,151.0
1979-06-15 21:42:52,296.0
1979-06-16 21:46:41,356.0
1979-06-17 21:50:17,340.0
1979-06-19 21:57:02,357.0
1979-06-20 22:00:16,522.0
1979-06-21 22:03:26,322.0
1979-06-22 22:06:26,409.0
1979-06-23 22:08:18,269.0
1979-06-24 22:09:54,345.0
1979-06-25 22:11:14,335.0
1979-06-26 22:12:21,725.0
1979-06-27 22:13:18,450.0
1979-06-28 22:14:05,560.0
1979-06-29 22:14:45,317.0
1979-06-30 22:15:18,433.0
1979-07-01 22:15:45,368.0
1979-07-02 22:16:06,267.0
1979-07-03 22:16:21,343.0
1979-07-04 22:16:32,0.0
1979-07-05 22:16:38,472.0
1979-07-06 22:16:44,567.0
1979-07-07 22:16:36,425.0
1979-07-08 22:16:28,584.0
1979-07-11 22:15:34,630.0
1979-07-12 22:15:10,820.0
1979-07-13 22:14:34,493.0
1979-07-14 22:13:56,732.0
1979-07-15 22:13:13,639.0
1979-07-16 22:12:24,1329.0
1979-07-17 22:11:29,1092.0
1979-07-18 22:10:28,1104.0
1979-07-19 22:09:21,953.0
1979-07-20 22:08:06,976.0
1979-07-21 22:06:45,423.0
1979-07-22 22:05:16,565.0
1979-07-23 22:03:40,490.0
1979-07-24 22:01:57,585.0
1979-07-25 22:04:11,990.0
1979-07-26 22:06:17,732.0
1979-07-27 22:08:17,786.0
1979-07-28 22:10:08,1344.0
1979-07-29 22:11:50,628.0
1979-07-30 22:13:26,733.0
1979-07-31 22:14:55,1182.0
1979-08-01 22:16:16,740.0
1979-08-02 22:17:32,941.0
1979-08-03 22:18:42,752.0
1979-08-04 22:19:47,907.0
1979-08-05 22:20:48,1033.0
1979-08-06 22:21:47,1336.0
1979-08-07 22:22:41,1263.0
1979-08-08 22:23:34,737.0
1979-08-09 22:24:22,965.0
1979-09-13 22:49:17,0.0
1979-09-15 22:45:33,761.0
1979-09-17 23:07:11,2618.0
1979-09-21 23:47:03,2754.0
1979-09-24 00:05:37,4440.0
1979-09-25 00:14:55,0.0
1979-09-27 00:33:13,0.0
1979-09-28 00:41:21,1508.0
1979-09-30 00:57:31,0.0
1979-10-01 01:05:34,388.0
1979-10-02 01:13:37,598.0
1979-10-04 01:29:30,2241.0
1979-10-05 01:36:30,3002.0
1979-10-07 01:50:18,1015.0
1979-10-08 01:57:10,1002.0
1979-10-09 02:04:01,2773.0
1979-10-11 02:17:35,1915.0
1979-10-12 02:23:59,2313.0
1979-10-13 02:30:23,3180.0
1979-10-16 02:49:24,2503.0
1979-10-18 03:01:58,465.0
1979-10-19 03:08:14,1651.0
1979-10-20 03:14:28,1870.0
1979-10-21 03:20:41,2182.0
1979-10-22 03:26:53,2250.0
1979-10-23 03:33:04,1603.0
1979-10-24 03:39:14,1890.0
1979-10-25 03:45:24,857.0
1979-10-26 03:51:32,839.0
1979-10-29 04:09:53,0.0
1979-10-30 04:15:58,2025.0
1979-11-01 04:28:06,924.0
1979-11-02 04:34:07,2126.0
1979-11-05 04:52:07,0.0
1979-11-06 04:58:05,1508.0
1979-11-07 05:04:01,875.0
1979-11-08 05:09:56,923.0
1979-11-09 05:15:50,912.0
1979-11-10 05:21:42,0.0
1979-11-11 05:27:31,0.0
1979-11-13 05:39:03,0.0
1979-11-14 05:44:46,0.0
1979-11-16 05:56:03,1408.0
1979-11-17 06:01:36,0.0
1979-11-18 06:07:05,911.0
1979-11-19 06:12:31,1814.0
1979-11-20 06:17:53,1416.0
1979-11-21 06:23:11,1424.0
1979-11-22 06:28:24,1001.0
1979-11-23 06:33:31,786.0
1979-11-24 06:38:32,1752.0
1979-11-25 06:43:26,703.0
1979-11-26 06:48:11,724.0
1979-11-27 06:52:46,1067.0
1979-11-28 06:57:10,0.0
1979-11-29 07:01:22,1675.0
1979-11-30 07:05:23,975.0
1979-12-01 07:09:13,1763.0
1979-12-02 07:12:48,1116.0
1979-12-03 07:16:12,1894.0
1979-12-04 07:19:25,2174.0
1979-12-05 07:22:29,1922.0
1979-12-06 07:25:23,1226.0
1979-12-07 07:28:09,1045.0
1979-12-08 07:30:49,1018.0
1979-12-09 07:33:23,976.0
1979-12-10 07:35:53,1607.0
1979-12-11 07:38:19,1303.0
1979-12-12 07:40:35,638.0
1979-12-13 07:41:58,883.0
1979-12-14 07:43:06,971.0
1979-12-15 07:44:02,451.0
1979-12-16 07:44:49,695.0
1979-12-17 07:45:30,508.0
1979-12-18 07:46:07,469.0
1979-12-19 07:46:36,492.0
1979-12-20 07:46:11,492.0
1979-12-21 07:45:37,682.0
1979-12-22 07:44:54,684.0
1979-12-23 07:44:06,493.0
1979-12-24 07:43:13,454.0
1979-12-25 07:42:18,475.0
1979-12-26 07:41:21,312.0
1979-12-27 07:40:22,673.0
1979-12-28 07:39:09,859.0
1979-12-29 07:36:41,488.0
1979-12-30 07:33:59,536.0
1979-12-31 07:31:10,585.0
1980-01-01 07:28:14,478.0
1980-01-02 07:25:16,549.0
1980-01-03 07:22:14,657.0
1980-01-04 07:18:59,576.0
1980-01-05 07:14:31,416.0
1980-01-06 07:09:51,735.0
1980-01-07 07:05:03,499.0
1980-01-08 07:00:10,636.0
1980-01-09 06:55:07,938.0
1980-01-09 06:55:07,938.0
1980-01-10 07:01:16,867.0
1980-01-11 07:07:15,366.0
1980-01-12 07:13:07,307.0
1980-01-13 07:18:54,350.0
1980-01-14 07:24:37,563.0
1980-01-16 07:35:47,406.0
1980-01-17 07:39:57,362.0
1980-01-18 07:43:55,387.0
1980-01-19 07:47:42,425.0
1980-01-20 07:51:24,316.0
1980-01-21 07:55:02,332.0
1980-01-22 07:58:36,350.0
1980-01-23 08:01:57,417.0
1980-01-24 08:03:53,379.0
1980-01-25 08:05:23,312.0
1980-01-26 08:06:38,331.0
1980-01-27 08:07:41,912.0
1980-01-28 08:08:35,686.0
1980-01-29 08:09:21,805.0
1980-01-30 08:09:54,1646.0
1980-01-31 08:09:37,2858.0
1980-02-01 08:09:01,410.0
1980-02-02 08:08:10,511.0
1980-02-03 08:07:09,475.0
1980-02-04 08:05:58,534.0
1980-02-05 08:04:40,388.0
1980-02-06 08:03:21,830.0
1980-02-07 08:08:13,312.0
1980-02-08 08:13:07,326.0
1980-02-09 08:17:55,517.0
1980-02-10 08:22:39,693.0
1980-02-11 08:27:19,559.0
1980-02-12 08:31:55,346.0
1980-02-13 08:36:27,365.0
1980-02-15 08:45:21,487.0
1980-02-16 08:49:43,462.0
1980-02-17 08:54:01,535.0
1980-02-18 08:58:15,519.0
1980-02-19 09:02:26,481.0
1980-02-20 09:06:34,549.0
1980-02-21 09:10:38,539.0
1980-02-22 09:14:38,1215.0
1980-02-23 09:18:35,1307.0
1980-02-24 09:22:27,852.0
1980-02-25 09:26:14,1037.0
1980-02-26 09:29:57,1028.0
1980-02-27 09:33:35,620.0
1980-02-28 09:37:08,772.0
1980-02-29 09:40:36,1144.0
1980-03-01 09:43:59,1745.0
1980-03-02 09:47:15,871.0
1980-03-03 09:50:26,1287.0
1980-03-04 09:53:31,1074.0
1980-03-05 09:56:29,1333.0
1980-03-06 09:59:24,1758.0
1980-03-07 10:02:08,1039.0
1980-03-08 10:04:49,1218.0
1980-03-09 10:07:24,1061.0
1980-03-10 10:09:53,932.0
1980-03-11 10:12:15,635.0
1980-03-12 10:14:32,743.0
1980-03-13 10:16:44,957.0
1980-03-14 10:18:50,766.0
1980-03-15 10:20:53,1561.0
1980-03-16 10:22:51,975.0
1980-03-17 10:24:46,732.0
1980-03-18 10:26:38,1559.0
1980-03-19 10:28:28,705.0
1980-03-20 10:30:16,1001.0
1980-03-21 10:32:04,724.0
1980-03-22 10:33:50,1272.0
1980-03-23 10:35:35,1896.0
1980-03-24 10:37:19,1531.0
1980-03-25 10:39:04,1013.0
1980-03-26 10:40:47,981.0
1980-03-27 10:42:31,1032.0
1980-03-28 10:44:14,2534.0
1980-03-29 10:45:58,1550.0
1980-03-30 10:47:42,1340.0
1980-03-31 10:49:26,1850.0
1980-04-01 10:51:10,2273.0
1980-04-02 10:52:43,793.0
1980-04-03 10:53:41,1860.0
1980-04-04 10:54:37,1224.0
1980-04-05 10:55:33,855.0
1980-04-06 10:56:28,1073.0
1980-04-07 10:57:24,878.0
1980-04-08 10:58:19,1442.0
1980-04-09 10:59:04,1284.0
1980-04-10 10:59:05,1565.0
1980-04-11 10:59:00,2060.0
1980-04-12 10:58:53,2834.0
1980-04-13 10:58:46,1871.0
1980-04-14 10:58:38,1661.0
1980-04-15 10:58:31,1551.0
1980-04-16 10:58:11,1409.0
1980-04-17 10:56:58,1249.0
1980-04-18 10:55:38,2792.0
1980-04-19 10:54:17,2344.0
1980-04-20 10:52:56,2433.0
1980-04-21 10:51:34,2126.0
1980-04-22 10:50:13,1621.0
1980-04-23 10:48:38,3487.0
1980-04-24 10:46:02,1914.0
1980-04-25 10:43:25,2403.0
1980-04-26 10:40:46,2604.0
1980-04-27 10:38:07,1568.0
1980-04-28 10:35:27,3180.0
1980-04-29 10:32:47,3677.0
1980-04-30 10:29:52,3337.0
1980-05-01 10:26:04,862.0
1980-05-02 10:22:12,1714.0
1980-05-03 10:18:18,2121.0
1980-05-04 10:14:25,2122.0
1980-05-05 10:10:31,2672.0
1980-05-07 10:02:30,2242.0
1980-05-08 09:57:35,1799.0
1980-05-09 09:52:39,1636.0
1980-05-10 09:47:41,2444.0
1980-05-11 09:42:43,2288.0
1980-05-12 09:37:43,1363.0
1980-05-13 09:32:43,1865.0
1980-05-14 09:27:31,2327.0
1980-05-15 09:28:45,2125.0
1980-05-16 09:29:51,2939.0
1980-05-17 09:30:55,1376.0
1980-05-18 09:31:57,2578.0
1980-05-19 09:32:57,2617.0
1980-05-20 09:33:56,3063.0
1980-05-21 09:34:52,3109.0
1980-05-22 09:41:10,2594.0
1980-05-23 09:47:28,2437.0
1980-05-25 10:00:00,2893.0
1980-05-26 10:06:14,3293.0
1980-05-27 10:12:28,1282.0
1980-05-28 10:18:41,2316.0
1980-05-29 10:24:53,804.0
1980-05-30 10:31:05,0.0
1980-05-31 10:37:15,1456.0
1980-06-01 10:43:25,1728.0
1980-06-02 10:49:34,1460.0
1980-06-03 10:55:42,1850.0
1980-06-04 11:01:50,1582.0
1980-06-05 11:07:56,951.0
1980-06-06 11:14:02,963.0
1980-06-07 11:20:07,1347.0
1980-06-08 11:26:11,1557.0
1980-06-09 11:32:14,1401.0
1980-06-10 11:38:16,665.0
1980-06-11 11:44:18,773.0
1980-06-12 11:50:19,2506.0
1980-06-13 11:56:18,1397.0
1980-06-14 12:02:17,830.0
1980-06-15 12:08:15,1683.0
1980-06-16 12:14:12,0.0
1980-06-17 12:20:08,1419.0
1980-06-18 12:26:03,1792.0
1980-06-19 12:31:57,1270.0
1980-06-20 12:37:50,1995.0
1980-06-21 12:43:42,1802.0
1980-06-22 12:49:34,1245.0
1980-06-24 13:01:13,1042.0
1980-06-25 13:07:00,1501.0
1980-06-26 13:12:44,2027.0
1980-06-27 13:18:26,1136.0
1980-06-28 13:24:04,1058.0
1980-06-29 13:29:38,1076.0
1980-06-30 13:35:10,0.0
1980-07-01 13:40:40,957.0
1980-07-02 13:46:06,896.0
1980-07-03 13:51:29,803.0
1980-07-04 13:56:48,679.0
1980-07-05 14:02:01,494.0
1980-07-06 14:07:08,832.0
1980-07-07 14:12:08,921.0
1980-07-08 14:17:00,773.0
1980-07-09 14:21:42,851.0
1980-07-10 14:26:13,937.0
1980-07-11 14:30:33,533.0
1980-07-12 14:34:44,781.0
1980-07-13 14:38:43,1201.0
1980-07-14 14:42:34,686.0
1980-07-15 14:46:15,1403.0
1980-07-16 14:49:48,564.0
1980-07-17 14:53:15,897.0
1980-07-18 14:56:33,1281.0
1980-07-19 14:59:46,721.0
1980-07-20 15:02:53,1469.0
1980-07-21 15:05:56,633.0
1980-07-22 15:08:54,1486.0
1980-07-23 15:11:49,1118.0
1980-07-24 15:14:40,726.0
1980-07-26 15:20:17,1108.0
1980-07-27 15:23:03,529.0
1980-07-28 15:25:49,441.0
1980-07-29 15:28:33,1257.0
1980-07-30 15:31:16,986.0
1980-07-31 15:33:59,771.0
1980-08-01 15:36:43,758.0
1980-08-02 15:39:26,461.0
1980-08-03 15:42:09,446.0
1980-08-04 15:44:53,479.0
1980-08-05 15:47:37,379.0
1980-08-06 15:50:21,497.0
1980-08-07 15:53:06,473.0
1980-08-08 15:55:51,356.0
1980-08-09 15:58:37,516.0
1980-08-10 16:01:23,332.0
1980-08-11 16:04:09,380.0
1980-08-12 16:06:56,662.0
1980-08-13 16:09:44,373.0
1980-08-14 16:12:32,313.0
1980-08-15 16:15:20,400.0
1980-08-16 16:18:09,656.0
1980-08-17 16:20:58,384.0
1980-08-18 16:23:47,537.0
1980-08-19 16:26:37,528.0
1980-08-20 16:29:28,533.0
1980-08-21 16:32:18,331.0
1980-08-22 16:35:09,382.0
1980-08-23 16:38:01,374.0
1980-08-24 16:40:52,327.0
1980-08-25 16:43:44,589.0
1980-08-26 16:46:36,431.0
1980-08-27 16:49:28,358.0
1980-08-28 16:52:20,0.0
1980-08-29 16:55:13,370.0
1980-08-30 16:58:05,465.0
1980-08-31 17:00:58,361.0
1980-09-01 17:03:51,376.0
1980-09-04 17:12:29,328.0
1980-09-05 17:15:22,351.0
1980-09-06 17:18:14,347.0
1980-09-08 17:23:58,339.0
1980-09-09 17:26:50,369.0
1980-09-10 17:29:41,363.0
1980-09-15 17:43:53,595.0
1980-09-16 17:46:42,424.0
1980-09-17 17:49:31,355.0
1980-09-18 17:52:19,379.0
1980-09-19 17:55:07,478.0
1980-09-20 17:57:54,360.0
1980-09-21 18:00:40,373.0
1980-09-22 18:03:26,607.0
1980-09-23 18:06:12,383.0
1980-09-24 18:08:57,360.0
1980-09-25 18:11:41,529.0
1980-09-26 18:14:25,570.0
1980-09-27 18:17:08,881.0
1980-09-28 18:19:50,401.0
1980-09-29 18:22:32,378.0
1980-10-01 18:27:53,623.0
1980-10-02 18:30:33,513.0
1980-10-03 18:33:13,367.0
1980-10-04 18:35:51,1116.0
1980-10-05 18:38:29,635.0
1980-10-06 18:41:07,698.0
1980-10-07 18:43:44,0.0
1980-10-08 18:46:20,377.0
1980-10-09 18:48:56,935.0
1980-10-11 18:54:06,472.0
1980-10-12 18:56:41,658.0
1980-10-13 18:59:15,697.0
1980-10-16 19:06:54,921.0
1980-10-18 19:11:58,1032.0
1980-10-19 19:14:30,1330.0
1980-10-21 19:19:33,1280.0
1980-10-22 19:22:04,471.0
1980-10-25 19:29:37,1089.0
1980-10-27 19:34:39,1056.0
1980-10-28 19:37:09,821.0
1980-10-29 19:39:40,1041.0
1980-10-30 19:42:11,987.0
1980-10-31 19:44:42,0.0
1980-11-01 19:47:14,870.0
1980-11-02 19:49:45,0.0
1980-11-03 19:52:17,0.0
1980-11-04 19:54:49,0.0
1980-11-05 19:57:21,436.0
1980-11-06 19:59:54,949.0
1980-11-07 20:02:27,1185.0
1980-11-08 20:05:00,1512.0
1980-11-09 20:07:34,1115.0
1980-11-10 20:10:08,657.0
1980-11-14 20:20:30,0.0
1980-11-15 20:23:07,1681.0
1980-11-16 20:25:44,1216.0
1980-11-17 20:28:22,858.0
1980-11-18 20:31:01,1033.0
1980-11-19 20:33:40,1246.0
1980-11-20 20:36:20,513.0
1980-11-24 20:47:04,0.0
1980-11-25 20:49:47,2974.0
1980-11-26 20:52:31,1700.0
1980-11-27 20:55:14,1451.0
1980-11-29 21:00:44,0.0
1980-12-01 21:06:16,2066.0
1980-12-02 21:09:03,1124.0
1980-12-03 21:11:50,1945.0
1980-12-04 21:14:38,1678.0
1980-12-05 21:17:26,2001.0
1980-12-06 21:20:15,1833.0
1980-12-07 21:23:04,3076.0
1980-12-08 21:25:53,2288.0
1980-12-10 21:31:33,631.0
1980-12-11 21:34:24,1422.0
1980-12-12 21:37:14,2692.0
1980-12-13 21:40:05,2133.0
1980-12-14 21:42:56,1810.0
1980-12-15 21:45:48,2696.0
1980-12-16 21:48:39,1920.0
1980-12-17 21:51:31,2057.0
1980-12-18 21:54:23,1893.0
1980-12-19 21:57:14,2038.0
1980-12-20 22:00:06,2070.0
1980-12-21 22:02:58,1505.0
1980-12-22 22:05:50,1783.0
1980-12-23 22:08:41,2461.0
1980-12-24 22:11:33,2794.0
1980-12-25 22:14:24,0.0
1980-12-26 22:17:16,2438.0
1980-12-27 22:20:07,2822.0
1980-12-28 22:22:58,0.0
1980-12-29 22:25:48,1657.0
1980-12-30 22:28:38,1167.0
1980-12-31 22:31:28,2082.0
1981-01-01 22:34:18,2046.0
1981-01-02 22:37:07,2256.0
1981-01-03 22:39:56,1679.0
1981-01-04 22:42:44,2931.0
1981-01-05 22:45:32,1494.0
1981-01-06 22:48:20,2115.0
1981-01-07 22:51:07,2018.0
1981-01-08 22:53:54,1125.0
1981-01-10 22:59:25,1281.0
1981-01-11 23:02:10,1941.0
1981-01-12 23:04:54,1327.0
1981-01-13 23:07:38,0.0
1981-01-14 23:10:21,1937.0
1981-01-15 23:13:04,0.0
1981-01-16 23:15:46,914.0
1981-01-17 23:18:27,1950.0
1981-01-18 23:21:08,2852.0
1981-01-19 23:23:48,1603.0
1981-01-20 23:26:28,736.0
1981-01-21 23:29:07,1282.0
1981-01-22 23:31:45,912.0
1981-01-23 23:34:23,1576.0
1981-01-24 23:37:01,1214.0
1981-01-26 23:42:14,536.0
1981-01-27 23:44:50,1346.0
1981-01-28 23:47:25,537.0
1981-01-29 23:50:00,588.0
1981-01-30 23:52:34,1043.0
1981-01-31 23:55:08,929.0
1981-02-01 23:57:41,1543.0
1981-02-03 00:00:15,1157.0
1981-02-04 00:02:47,1810.0
1981-02-05 00:05:19,770.0
1981-02-06 00:07:08,1021.0
1981-02-07 00:08:21,820.0
1981-02-08 00:09:28,1029.0
1981-02-09 00:10:38,909.0
1981-02-10 00:11:47,783.0
1981-02-11 00:12:56,1210.0
1981-02-12 00:14:05,551.0
1981-02-13 00:15:14,967.0
1981-02-14 00:16:23,1200.0
1981-02-15 00:17:31,1779.0
1981-02-16 00:18:40,800.0
1981-02-17 00:19:49,1074.0
1981-02-18 00:20:58,848.0
1981-02-19 00:22:06,0.0
1981-02-20 00:23:15,729.0
1981-02-21 00:24:24,1223.0
1981-02-22 00:25:34,1790.0
1981-02-23 00:26:43,879.0
1981-02-24 00:27:53,721.0
1981-02-25 00:29:03,922.0
1981-02-26 00:30:13,997.0
1981-02-27 00:31:24,811.0
1981-02-28 00:32:35,674.0
1981-03-01 00:33:47,556.0
1981-03-02 00:34:58,599.0
1981-03-03 00:36:11,1187.0
1981-03-04 00:37:23,945.0
1981-03-05 00:38:37,722.0
1981-03-07 00:41:05,583.0
1981-03-08 00:42:20,906.0
1981-03-11 00:46:07,683.0
1981-03-12 00:47:24,577.0
1981-03-14 00:50:00,0.0
1981-03-16 00:52:36,1422.0
1981-05-08 02:08:24,802.0
1981-05-09 02:08:22,782.0
1981-05-17 02:07:40,761.0
1981-05-18 02:07:32,718.0
1981-05-25 02:06:20,1086.0
1981-05-26 02:06:08,804.0
1981-05-30 02:05:17,1154.0
1981-05-31 02:05:03,1694.0
1981-06-02 02:04:35,1239.0
1981-06-03 02:04:20,1041.0
1981-06-04 02:04:06,1284.0
1981-06-05 02:03:51,960.0
1981-06-07 02:03:21,1619.0
1981-06-08 02:03:06,802.0
1981-06-09 02:02:51,1097.0
1981-06-10 02:02:36,1366.0
1981-06-11 02:02:21,1099.0
1981-06-12 02:02:06,1825.0
1981-06-13 02:01:51,891.0
1981-06-14 02:01:37,1564.0
1981-06-15 02:01:22,1057.0
1981-06-16 02:01:08,893.0
1981-06-17 02:00:54,705.0
1981-06-18 02:00:41,756.0
1981-06-20 02:00:15,751.0
1981-06-21 02:00:02,1453.0
1981-06-22 01:59:50,1487.0
1981-06-23 01:59:38,1028.0
1981-06-24 01:59:27,1169.0
1981-06-25 01:59:16,1295.0
1981-06-26 01:59:06,1647.0
1981-06-27 01:58:56,1268.0
1981-06-28 01:58:47,725.0
1981-06-29 01:58:39,1938.0
1981-06-30 01:58:30,923.0
1981-07-01 01:58:22,1073.0
1981-07-02 01:58:15,900.0
1981-07-03 01:58:09,1301.0
1981-07-04 01:58:03,2122.0
1981-07-05 01:57:58,1200.0
1981-07-07 01:57:49,757.0
1981-07-08 01:57:46,1488.0
1981-07-09 01:57:43,2175.0
1981-07-10 01:57:41,1224.0
1981-07-11 01:57:40,2029.0
1981-07-12 01:57:39,1486.0
1981-07-13 01:57:38,1671.0
1981-07-14 01:57:38,1996.0
1981-07-15 01:57:39,2270.0
1981-07-16 01:57:40,2879.0
1981-07-17 01:57:42,3476.0
1981-07-18 01:57:44,3070.0
1981-07-19 01:57:47,2178.0
1981-07-20 01:57:50,2106.0
1981-07-21 01:57:54,2043.0
1981-07-22 01:57:57,4028.0
1981-07-23 01:58:02,2935.0
1981-07-24 01:58:07,1547.0
1981-07-25 01:58:12,2049.0
1981-07-26 01:58:17,2162.0
1981-07-27 01:58:23,2405.0
1981-07-28 01:58:28,3238.0
1981-07-29 01:58:34,2458.0
1981-07-30 01:58:40,1510.0
1981-07-31 01:58:46,1976.0
1981-08-01 01:58:53,2875.0
1981-08-02 01:58:59,2706.0
1981-08-03 01:59:05,2711.0
1981-08-04 01:59:12,2051.0
1981-08-05 01:59:18,2226.0
1981-08-06 01:59:24,2770.0
1981-08-07 01:59:30,2464.0
1981-08-08 01:59:36,1803.0
1981-08-09 01:59:42,2496.0
1981-08-10 01:59:47,1822.0
1981-08-11 01:59:52,2697.0
1981-08-12 01:59:57,2611.0
1981-08-13 02:00:02,2083.0
1981-08-14 02:00:06,1495.0
1981-08-15 02:00:10,1890.0
1981-08-16 02:00:13,1104.0
1981-08-17 02:00:17,1931.0
1981-08-18 02:00:19,2161.0
1981-08-20 02:00:23,2191.0
1981-08-21 02:00:24,2072.0
1981-08-22 02:00:25,1411.0
1981-08-23 02:00:25,1411.0
1981-08-24 02:00:25,2124.0
1981-08-25 02:00:24,0.0
1981-08-28 02:00:19,2329.0
1981-08-29 02:00:13,2225.0
1981-08-30 02:00:08,0.0
1981-08-31 02:00:03,0.0
1981-09-01 01:59:57,1127.0
1981-09-02 01:59:51,932.0
1981-09-03 01:59:44,1891.0
1981-09-04 01:59:36,1555.0
1981-09-05 01:59:28,1915.0
1981-09-06 01:59:19,2188.0
1981-09-07 01:59:10,1987.0
1981-09-08 01:59:00,0.0
1981-09-09 01:58:50,1259.0
1981-09-11 01:58:28,1573.0
1981-09-12 01:58:16,1601.0
1981-09-13 01:58:04,2172.0
1981-09-14 01:57:52,1765.0
1981-09-15 01:57:39,1109.0
1981-09-16 01:57:25,1232.0
1981-09-17 01:57:11,1312.0
1981-09-18 01:56:57,1326.0
1981-09-19 01:56:43,0.0
1981-09-20 01:56:28,0.0
1981-09-22 01:55:58,2273.0
1981-09-23 01:55:43,1061.0
1981-09-24 01:55:28,870.0
1981-09-25 01:55:12,903.0
1981-09-26 01:54:57,1593.0
1981-09-27 01:54:41,1039.0
1981-09-28 01:54:26,965.0
1981-09-30 01:53:55,1251.0
1981-10-01 01:53:40,0.0
1981-10-02 01:53:25,876.0
1981-10-04 01:52:55,870.0
1981-10-07 01:52:11,1180.0
1981-10-10 01:51:31,1025.0
1981-10-17 01:50:08,1166.0
1981-10-18 01:49:59,1007.0
1981-10-21 01:49:32,1025.0
1981-11-05 01:48:38,952.0
1981-12-15 01:51:27,1081.0
1982-01-03 01:49:36,1066.0
1982-01-18 01:46:08,1525.0
1982-01-27 01:43:52,1308.0
1982-01-28 01:43:38,1894.0
1982-01-30 01:43:11,1568.0
1982-02-02 01:42:33,3211.0
1982-02-04 01:42:10,1237.0
1982-02-05 01:41:59,1258.0
1982-02-06 01:41:49,2658.0
1982-02-07 01:41:39,1562.0
1982-02-09 01:41:21,1148.0
1982-02-10 01:41:13,1111.0
1982-02-12 01:40:58,2233.0
1982-02-13 01:40:52,1278.0
1982-02-14 01:40:46,1653.0
1982-02-15 01:40:41,0.0
1982-02-16 01:40:36,2295.0
1982-02-19 01:40:26,1332.0
1982-02-21 01:40:23,1587.0
1982-02-22 01:40:22,1247.0
1982-02-24 01:40:21,2023.0
1982-02-25 01:40:22,2364.0
1982-02-27 01:40:25,3220.0
1982-02-28 01:40:27,1974.0
1982-03-01 01:40:30,3944.0
1982-03-02 01:40:33,2857.0
1982-03-03 01:40:36,2894.0
1982-03-04 01:40:39,1843.0
1982-03-05 01:40:43,2399.0
1982-03-06 01:40:47,2932.0
1982-03-07 01:40:52,2473.0
1982-03-08 01:40:56,2501.0
1982-03-09 01:41:01,2488.0
1982-03-10 01:41:06,3049.0
1982-03-11 01:41:11,3150.0
1982-03-12 01:41:17,2628.0
1982-03-13 01:41:22,2294.0
1982-03-14 01:41:27,2439.0
1982-03-16 01:41:39,2118.0
1982-03-17 01:41:44,2641.0
1982-03-18 01:41:50,3535.0
1982-03-19 01:41:55,2256.0
1982-03-20 01:42:00,2016.0
1982-03-21 01:42:05,3300.0
1982-03-22 01:42:10,2258.0
1982-03-23 01:42:15,0.0
1982-03-25 01:42:23,2233.0
1982-03-26 01:42:27,3263.0
1982-03-27 01:42:30,2122.0
1982-03-28 01:42:33,1745.0
1982-03-29 01:42:36,2661.0
1982-03-30 01:42:38,3213.0
1982-04-02 01:42:42,2230.0
1982-04-03 01:42:42,1938.0
1982-04-04 01:42:42,1789.0
1982-04-05 01:42:41,1675.0
1982-04-06 01:42:40,1649.0
1982-04-07 01:42:38,1627.0
1982-04-08 01:42:36,2288.0
1982-04-09 01:42:33,1289.0
1982-04-10 01:42:29,1274.0
1982-04-11 01:42:25,1790.0
1982-04-12 01:42:20,1447.0
1982-04-13 01:42:15,1378.0
1982-04-14 01:42:09,1246.0
1982-04-15 01:42:02,1217.0
1982-04-16 01:41:55,1542.0
1982-04-17 01:41:48,2165.0
1982-04-18 01:41:39,1237.0
1982-04-22 01:41:01,1196.0
1982-04-24 01:40:38,1406.0
1982-04-25 01:40:26,1704.0
1982-05-01 01:39:07,1235.0
1982-05-04 01:38:22,1296.0
1982-05-05 01:38:07,1246.0
1982-05-06 01:37:52,1201.0
1982-05-10 01:36:49,1195.0
1982-05-11 01:36:33,1591.0
1982-05-16 01:35:16,1207.0
1982-05-22 01:33:48,1193.0
1982-09-03 01:26:50,1523.0
1982-09-05 01:26:19,1611.0
1982-09-09 01:25:18,1359.0
1982-09-12 01:24:35,1373.0
1982-09-18 01:23:18,1782.0
1982-09-25 01:22:14,1502.0
1982-09-28 01:21:55,0.0
1982-09-29 01:21:50,0.0
1982-10-04 01:21:33,2311.0
1982-10-05 01:21:32,0.0
1982-10-08 01:21:30,1967.0
1982-10-09 01:21:31,2391.0
1982-10-10 01:21:32,0.0
1982-10-11 01:21:34,2373.0
1982-10-13 01:21:38,0.0
1982-10-14 01:21:41,2496.0
1982-10-15 01:21:44,3532.0
1982-10-18 01:21:56,0.0
1982-10-19 01:22:00,3248.0
1982-11-22 01:23:17,1736.0
1982-11-29 01:22:28,1678.0
1982-11-30 01:22:19,1737.0
1982-12-03 01:21:48,1822.0
1982-12-04 01:21:37,1628.0
1982-12-07 01:21:00,1681.0
1982-12-08 01:20:47,0.0
1982-12-11 01:20:05,1560.0
1982-12-12 01:19:50,2026.0
1982-12-18 01:18:21,1758.0
1982-12-20 01:17:49,1537.0
1982-12-26 01:16:15,1476.0
1983-04-23 01:03:38,1590.0
1983-04-24 01:03:23,2149.0
1983-04-25 01:03:08,1778.0
1983-04-29 01:02:12,2366.0
1983-04-30 01:01:59,2767.0
1983-05-01 01:01:47,2342.0
1983-05-04 01:01:13,2013.0
1983-05-07 01:00:44,2523.0
1983-05-09 01:00:28,2579.0
1983-05-10 01:00:21,1893.0
1983-05-11 01:00:15,1947.0
1983-05-15 00:59:55,1649.0
1983-05-17 00:59:49,2032.0
1983-05-18 00:59:46,2437.0
1983-05-19 00:59:44,2038.0
1983-05-21 00:59:43,2042.0
1983-05-22 00:59:43,2326.0
1983-05-23 00:59:43,1690.0
1983-05-25 00:59:45,2403.0
1983-05-26 00:59:47,2424.0
1983-05-27 00:59:49,0.0
1983-05-28 00:59:51,2118.0
1983-05-29 00:59:54,2296.0
1983-05-30 00:59:57,3036.0
1983-05-31 01:00:00,3260.0
1983-06-01 01:00:03,0.0
1983-06-02 01:00:07,3091.0
1983-06-03 01:00:10,0.0
1983-06-05 01:00:18,3131.0
1983-06-06 01:00:22,1813.0
1983-06-07 01:00:27,1967.0
1983-06-08 01:00:31,2108.0
1983-06-09 01:00:35,2952.0
1983-06-10 01:00:39,3066.0
1983-06-11 01:00:43,2893.0
1983-06-12 01:00:47,0.0
1983-06-13 01:00:51,2164.0
1983-06-14 01:00:54,2116.0
1983-06-15 01:00:58,2499.0
1983-06-16 01:01:01,1727.0
1983-06-17 01:01:04,2374.0
1983-06-19 01:01:08,2138.0
1983-06-20 01:01:10,0.0
1983-06-21 01:01:11,2771.0
1983-06-23 01:01:13,2046.0
1983-06-24 01:01:13,2363.0
1983-06-25 01:01:12,2358.0
1983-06-26 01:01:12,2032.0
1983-06-27 01:01:10,2251.0
1983-06-28 01:01:08,2624.0
1983-06-29 01:01:06,0.0
1983-06-30 01:01:03,2530.0
1983-07-01 01:00:58,2068.0
1983-07-02 01:00:54,2790.0
1983-07-04 01:00:44,1847.0
1983-07-05 01:00:38,1794.0
1983-07-06 01:00:31,1762.0
1983-07-07 01:00:24,2040.0
1983-07-11 00:59:49,2047.0
1983-07-13 00:59:29,1972.0
1983-07-14 00:59:17,1723.0
1983-07-15 00:59:06,1853.0
1983-07-16 00:58:54,1989.0
1983-12-30 00:31:21,0.0
1983-12-31 00:31:18,2114.0
1984-01-03 00:31:11,1950.0
1984-01-04 00:31:10,2227.0
1984-01-08 00:31:09,0.0
1984-01-10 00:31:11,0.0
1984-01-11 00:31:13,2583.0
1984-01-12 00:31:14,3018.0
1984-01-13 00:31:16,2877.0
1984-01-14 00:31:18,2592.0
1984-01-15 00:31:20,0.0
1984-01-16 00:31:22,2390.0
1984-01-17 00:31:24,2838.0
1984-01-18 00:31:26,0.0
1984-01-19 00:31:28,2122.0
1984-01-20 00:31:31,1954.0
1984-01-21 00:31:33,2299.0
1984-01-22 00:31:35,2469.0
1984-01-23 00:31:37,2473.0
1984-01-24 00:31:38,2059.0
1984-01-25 00:31:40,2703.0
1984-01-26 00:31:41,2263.0
1984-01-27 00:31:52,2505.0
1984-01-28 00:31:53,2723.0
1984-01-29 00:31:54,2998.0
1984-01-30 00:31:55,2725.0
1984-01-31 00:31:56,2748.0
1984-02-01 00:31:56,2165.0
1984-02-02 00:31:55,0.0
1984-02-03 00:31:55,2327.0
1984-02-04 00:31:53,2450.0
1984-02-05 00:31:52,2556.0
1984-02-06 00:31:49,2116.0
1984-02-07 00:31:47,2617.0
1984-02-08 00:31:43,2502.0
1984-02-09 00:31:39,2444.0
1984-02-10 00:31:35,1947.0
1984-02-11 00:31:30,2331.0
1984-02-12 00:31:25,2278.0
1984-02-13 00:31:18,2204.0
1984-02-14 00:31:12,1991.0
1984-02-15 00:31:04,2121.0
1984-02-16 00:30:56,2175.0
1984-02-17 00:30:46,2011.0
1984-02-18 00:30:36,1961.0
1984-02-19 00:30:26,1928.0
1984-02-22 00:29:53,1919.0
1984-02-27 00:28:46,1975.0
1984-06-01 00:06:46,2007.0
1985-07-22 22:46:54,5761.0
1986-01-31 23:22:13,3325.0
1986-06-01 23:23:15,2267.0
1986-06-29 23:27:51,3173.0
1986-06-30 23:28:21,2379.0
1986-07-02 23:28:54,3448.0
1986-07-03 23:29:11,3144.0
1986-07-04 23:29:28,3500.0
1986-07-05 23:29:45,3046.0
1986-07-06 23:30:02,2582.0
1986-07-07 23:30:19,3031.0
1986-07-08 23:30:36,3044.0
1986-07-09 23:30:52,2880.0
1986-07-11 23:31:25,2714.0
1986-07-14 23:32:11,2710.0
1986-07-15 23:32:26,2882.0
1986-07-16 23:32:41,2865.0
1986-07-17 23:32:57,2885.0
1986-07-18 23:33:13,2372.0
1986-07-20 23:33:45,2319.0
1986-07-23 23:34:30,2520.0
1986-07-24 23:34:43,2297.0
1986-07-25 23:34:54,2356.0
1986-07-26 23:35:05,2339.0
1986-07-27 23:35:16,0.0
1986-07-28 23:35:26,2321.0
1986-07-29 23:35:36,2320.0
1986-08-01 23:36:00,2289.0
1987-01-27 23:57:17,3258.0
1987-01-28 23:57:34,2936.0
1987-02-04 23:59:45,2529.0
1987-02-07 00:00:26,2727.0
1987-02-08 00:00:47,3352.0
1987-02-09 00:01:08,3048.0
1987-02-13 00:02:33,2846.0
1987-02-15 00:03:16,2500.0
1987-02-17 00:03:59,2360.0
1987-02-18 00:04:20,3463.0
1987-02-19 00:04:41,0.0
1987-02-20 00:05:02,3161.0
1987-02-22 00:05:44,2606.0
1987-02-23 00:06:04,2641.0
1987-02-24 00:06:24,3021.0
1987-02-26 00:07:03,2632.0
1987-02-28 00:07:41,2774.0
1987-03-01 00:07:59,0.0
1987-03-02 00:08:17,2576.0
1987-03-04 00:08:51,2642.0
1987-03-05 00:09:07,2714.0
1987-03-06 00:09:23,2775.0
1987-03-07 00:09:38,2329.0
1987-03-08 00:09:53,2638.0
1987-03-09 00:10:07,2618.0
1987-03-10 00:10:21,2600.0
1987-03-11 00:10:34,2256.0
1987-03-12 00:10:46,2539.0
1987-03-13 00:10:58,2428.0
1987-07-30 00:55:19,0.0
1987-09-11 01:06:14,3209.0
1987-09-12 01:06:43,3157.0
1987-09-13 01:07:11,3170.0
1987-09-14 01:07:40,3062.0
1987-09-16 01:08:38,2559.0
1987-09-18 01:09:38,2258.0
1987-09-19 01:10:08,3259.0
1987-09-20 01:10:39,2563.0
1987-09-21 01:11:10,3052.0
1987-09-22 01:11:41,2875.0
1987-09-23 01:12:12,3184.0
1987-09-24 01:12:43,3056.0
1987-09-26 01:13:46,2850.0
1987-09-27 01:14:18,2411.0
1987-09-28 01:14:49,2236.0
1987-09-29 01:15:33,2896.0
1987-09-30 01:16:06,2491.0
1987-10-01 01:16:38,3246.0
1987-10-02 01:17:11,2524.0
1987-10-03 01:17:43,2304.0
1987-10-04 01:18:16,2570.0
1987-10-06 01:19:22,3223.0
1987-10-07 01:19:54,2480.0
1987-10-09 01:20:57,2743.0
1987-10-10 01:21:27,2799.0
1987-10-11 01:21:57,2665.0
1987-10-12 01:22:27,2574.0
1987-10-14 01:23:26,2692.0
1987-10-15 01:23:55,2762.0
1987-10-16 01:24:23,2202.0
1987-10-18 01:25:17,2982.0
1987-10-19 01:25:44,2742.0
1987-10-20 01:26:05,2664.0
1987-10-21 01:26:29,2430.0
1987-10-22 01:26:53,2343.0
1987-10-23 01:27:17,2238.0
1987-10-24 01:27:40,2786.0
1987-10-25 01:28:02,2313.0
1988-04-09 02:12:20,2359.0
1988-04-10 02:12:35,2723.0
1988-04-11 02:12:51,2407.0
1988-04-12 02:13:08,2385.0
1988-04-13 02:13:25,2349.0
1988-04-15 02:14:01,2263.0
1988-04-16 02:14:20,2161.0
1988-04-17 02:14:40,2372.0
1988-04-18 02:15:00,2260.0
1988-04-19 02:15:21,2123.0
1988-04-21 02:16:04,2195.0
1988-04-22 02:16:26,2466.0
1988-04-23 02:16:49,2158.0
1988-04-24 02:17:12,2813.0
1988-04-25 02:17:36,2198.0
1988-04-27 02:18:25,2278.0
1988-04-28 02:18:50,2847.0
1988-04-29 02:19:15,2888.0
1988-05-01 02:20:06,2913.0
1988-05-02 02:20:32,2568.0
1988-05-03 02:20:59,3031.0
1988-05-04 02:21:25,2848.0
1988-05-05 02:21:52,2666.0
1988-05-06 02:22:19,2567.0
1988-05-07 02:22:46,2941.0
1988-05-09 02:23:39,2714.0
1988-05-10 02:24:06,2740.0
1988-05-11 02:24:33,3015.0
1988-05-12 02:25:00,2919.0
1988-05-13 02:25:26,3501.0
1988-05-14 02:25:53,2750.0
1988-05-15 02:26:19,2916.0
1988-05-16 02:26:45,2206.0
1988-05-17 02:27:08,2797.0
1988-05-18 02:27:33,2972.0
1988-05-21 02:28:45,2237.0
1988-05-23 02:29:32,2475.0
1988-05-24 02:29:54,2185.0
1988-05-25 02:30:16,2853.0
1988-05-26 02:30:38,3419.0
1988-05-27 02:30:59,2438.0
1988-05-28 02:31:19,2654.0
1988-05-29 02:31:39,2331.0
1988-05-30 02:31:59,2427.0
1988-05-31 02:32:18,3552.0
1988-06-01 02:32:36,2146.0
1988-06-02 02:32:54,2151.0
1988-06-03 02:33:11,2691.0
1988-06-04 02:33:28,2141.0
1988-06-05 02:33:44,2256.0
1988-06-06 02:34:00,2050.0
1988-06-07 02:34:14,2353.0
1988-06-09 02:34:42,2071.0
1988-06-10 02:34:55,2429.0
1988-06-11 02:35:08,2731.0
1988-06-14 02:35:42,2075.0
1988-06-16 02:36:02,2494.0
1988-06-19 02:36:29,2041.0
1988-06-22 02:36:45,0.0
1988-09-16 02:54:47,1999.0
1988-10-04 02:58:34,1951.0
1988-10-05 02:58:40,1949.0
1988-10-06 02:58:47,1947.0
1988-10-07 02:58:53,1945.0
1988-10-08 02:58:58,1943.0
1988-10-09 02:59:03,1942.0
1988-11-18 03:00:19,0.0
1988-11-22 03:00:51,2864.0
1988-11-25 03:01:22,2146.0
1988-11-26 03:01:33,2125.0
1988-11-27 03:01:45,2458.0
1988-11-28 03:01:58,2810.0
1988-11-30 03:02:25,3160.0
1988-12-01 03:02:40,2320.0
1988-12-03 03:03:10,2268.0
1988-12-05 03:03:43,3258.0
1988-12-06 03:03:59,3836.0
1988-12-07 03:04:17,3518.0
1988-12-08 03:04:34,2065.0
1988-12-09 03:04:52,2447.0
1988-12-12 03:05:48,1958.0
1988-12-13 03:06:07,2533.0
1988-12-14 03:06:26,2450.0
1988-12-15 03:06:45,2500.0
1988-12-16 03:07:05,2260.0
1988-12-17 03:07:24,2528.0
1988-12-18 03:07:44,2248.0
1988-12-24 03:09:42,2527.0
1988-12-26 03:10:20,3194.0
1988-12-27 03:10:39,2697.0
1988-12-29 03:11:16,2022.0
1988-12-30 03:11:33,2354.0
1988-12-31 03:11:51,2164.0
1989-01-01 03:12:08,2621.0
1989-01-03 03:12:31,2690.0
1989-01-04 03:12:46,2146.0
1989-01-05 03:13:01,2665.0
1989-01-06 03:13:15,2175.0
1989-01-07 03:13:29,2139.0
1989-01-08 03:13:43,2778.0
1989-01-10 03:14:09,2026.0
1989-01-11 03:14:22,2296.0
1989-01-13 03:14:44,2269.0
1989-01-14 03:14:55,1885.0
1989-01-15 03:15:05,1894.0
1989-01-16 03:15:14,1890.0
1989-01-17 03:15:23,0.0
1989-01-19 03:15:39,1870.0
1989-01-20 03:15:46,1867.0
1989-01-21 03:15:52,2284.0
1989-01-22 03:15:58,1902.0
1989-01-23 03:16:03,2882.0
1989-01-24 03:16:08,2752.0
1989-01-27 03:16:19,2373.0
1989-01-29 03:16:24,1855.0
1989-02-01 03:16:28,1952.0
1989-03-12 03:15:58,1856.0
1989-06-13 03:23:31,1789.0
1989-06-17 03:22:57,0.0
1989-06-26 03:22:03,2581.0
1989-06-27 03:22:00,2986.0
1989-06-28 03:21:58,3567.0
1989-06-30 03:21:55,0.0
1989-07-01 03:21:54,0.0
1989-07-03 03:21:55,3238.0
1989-07-04 03:21:56,3196.0
1989-07-05 03:21:58,2778.0
1989-07-06 03:22:01,2071.0
1989-07-07 03:22:04,2100.0
1989-07-08 03:22:08,2589.0
1989-07-09 03:22:12,3044.0
1989-07-10 03:22:17,2750.0
1989-07-13 03:22:09,1947.0
1989-07-15 03:22:20,0.0
1989-07-16 03:22:26,1991.0
1989-07-17 03:22:33,2265.0
1989-07-18 03:22:41,1845.0
1989-07-19 03:22:49,1982.0
1989-07-21 03:23:05,2274.0
1989-07-22 03:23:14,2587.0
1989-07-23 03:23:23,2290.0
1989-07-24 03:23:33,2936.0
1989-07-25 03:23:43,3223.0
1989-07-26 03:23:53,2444.0
1989-07-27 03:24:04,3094.0
1989-07-28 03:24:14,4090.0
1989-07-29 03:24:25,3002.0
1989-07-30 03:24:35,3061.0
1989-07-31 03:24:46,3149.0
1989-08-01 03:24:52,2367.0
1989-08-02 03:25:02,1970.0
1989-08-04 03:25:22,2204.0
1989-08-05 03:25:31,2176.0
1989-08-06 03:25:41,3037.0
1989-08-07 03:25:50,2797.0
1989-08-08 03:25:59,1975.0
1989-08-09 03:26:08,3024.0
1989-08-10 03:26:16,2427.0
1989-08-11 03:26:25,2442.0
1989-08-12 03:26:33,2976.0
1989-08-13 03:26:40,1766.0
1989-08-14 03:26:47,2027.0
1989-08-15 03:26:54,2008.0
1989-08-16 03:27:00,1960.0
1989-08-17 03:27:06,2229.0
1989-08-18 03:27:12,1871.0
1989-08-19 03:27:17,1790.0
1989-08-20 03:27:21,2015.0
1989-08-21 03:27:25,2457.0
1989-08-22 03:27:28,1786.0
1989-08-23 03:27:31,2325.0
1989-08-24 03:27:33,2504.0
1989-08-25 03:27:35,2021.0
1989-08-27 03:27:37,2140.0
1989-08-28 03:27:37,2205.0
1989-09-01 03:27:25,3415.0
1989-09-02 03:27:21,2198.0
1989-09-04 03:27:12,0.0
1989-09-06 03:27:00,0.0
1989-09-07 03:26:54,1701.0
1989-09-08 03:26:47,1695.0
1989-09-09 03:26:39,1633.0
1989-09-10 03:26:31,3308.0
1989-09-11 03:26:23,1830.0
1989-11-23 03:21:31,1618.0
1990-01-26 03:15:38,2858.0
1990-02-17 03:12:03,2516.0
1990-02-18 03:11:59,0.0
1990-02-19 03:11:57,2130.0
1990-02-21 03:11:53,0.0
1990-02-25 03:11:51,2233.0
1990-02-26 03:11:52,2821.0
1990-02-27 03:11:54,1713.0
1990-02-28 03:11:55,2154.0
1990-03-01 03:11:58,2148.0
1990-03-02 03:12:00,2530.0
1990-03-03 03:12:03,2559.0
1990-03-04 03:12:07,2148.0
1990-03-05 03:12:10,2773.0
1990-03-06 03:12:14,2744.0
1990-03-07 03:12:18,2148.0
1990-03-08 03:12:23,2208.0
1990-03-09 03:12:27,2470.0
1990-03-10 03:12:32,2020.0
1990-03-11 03:12:37,2248.0
1990-03-12 03:12:41,0.0
1990-03-13 03:12:43,2412.0
1990-03-14 03:12:48,1941.0
1990-03-15 03:12:52,1975.0
1990-03-16 03:12:57,1810.0
1990-03-17 03:13:01,2715.0
1990-03-18 03:13:06,2052.0
1990-03-19 03:13:10,1931.0
1990-03-20 03:13:14,1940.0
1990-03-21 03:13:18,1892.0
1990-03-23 03:13:25,2095.0
1990-03-24 03:13:27,1817.0
1990-03-25 03:13:30,1838.0
1990-03-26 03:13:32,2224.0
1990-03-27 03:13:35,1988.0
1990-03-28 03:13:36,1913.0
1990-03-29 03:13:37,1983.0
1990-03-30 03:13:38,1699.0
1990-03-31 03:13:38,1874.0
1990-04-01 03:13:37,2270.0
1990-04-02 03:13:36,1497.0
1990-04-03 03:13:36,1869.0
1990-04-04 03:13:34,1468.0
1990-04-05 03:13:31,1582.0
1990-04-07 03:13:24,1598.0
1990-04-08 03:13:20,1511.0
1990-04-09 03:13:15,1453.0
1990-04-10 03:13:10,1556.0
1990-04-11 03:13:04,1617.0
1990-04-12 03:12:58,0.0
1990-04-13 03:12:50,1413.0
1990-04-15 03:12:34,1514.0
1990-04-16 03:12:25,1575.0
1990-04-18 03:12:06,1397.0
1990-04-19 03:11:56,1677.0
1990-04-20 03:11:45,1517.0
1990-04-24 03:11:09,2110.0
1990-04-27 03:10:30,1484.0
1990-04-28 03:10:17,1442.0
1990-04-30 03:09:49,0.0
1990-05-01 03:09:34,2087.0
1990-05-02 03:09:20,1644.0
1990-05-03 03:09:05,1419.0
1990-05-04 03:08:50,1458.0
1990-05-25 03:03:47,1513.0
1990-05-26 03:03:36,1406.0
1990-07-15 02:48:53,0.0
1990-08-30 02:28:17,0.0
1990-09-01 02:27:07,1969.0
1990-09-02 02:26:32,1306.0
1990-09-03 02:25:57,1335.0
1990-09-05 02:24:56,1738.0
1990-09-06 02:24:22,2578.0
1990-09-07 02:23:49,1846.0
1990-09-10 02:22:10,0.0
1990-09-13 02:20:38,0.0
1990-09-19 02:17:42,0.0
1990-09-26 02:14:51,0.0
1990-09-27 02:14:29,1468.0
1990-09-29 02:13:47,0.0
1990-10-02 02:12:48,1831.0
1990-10-04 02:12:12,1527.0
1990-10-06 02:11:39,0.0
1990-10-09 02:10:52,1526.0
1990-10-10 02:10:37,0.0
1990-10-11 02:10:23,1482.0
1990-10-16 02:09:22,1831.0
1990-11-24 02:00:46,1397.0
1990-11-27 01:59:43,1464.0
1990-11-29 01:58:59,1215.0
1990-11-30 01:58:36,1715.0
1990-12-08 01:55:15,1128.0
1990-12-10 01:54:21,1864.0
1990-12-11 01:53:53,1359.0
1990-12-12 01:53:26,1282.0
1990-12-15 01:52:01,1302.0
1990-12-17 01:51:04,1297.0
1990-12-26 01:47:03,1515.0
1990-12-27 01:46:37,1072.0
1990-12-28 01:46:10,1073.0
1990-12-29 01:45:44,1092.0
1991-01-24 01:37:31,1306.0
1991-02-17 01:35:01,1052.0
1991-03-19 01:30:37,0.0
1991-04-01 01:26:15,1116.0
1991-04-04 01:25:05,975.0
1991-04-05 01:24:42,982.0
1991-04-07 01:23:55,1443.0
1991-04-08 01:23:32,1136.0
1991-04-09 01:23:08,1065.0
1991-04-10 01:22:44,1126.0
1991-04-11 01:22:20,1463.0
1991-04-14 01:21:08,1629.0
1991-04-15 01:20:44,0.0
1991-04-17 01:19:57,1511.0
1991-04-23 01:17:41,931.0
1991-04-25 01:16:58,1269.0
1991-04-28 01:15:58,1923.0
1991-04-29 01:15:38,1604.0
1991-04-30 01:15:20,1779.0
1991-05-01 01:15:01,1523.0
1991-05-05 01:13:54,1489.0
1991-05-07 01:13:24,983.0
1991-05-08 01:13:10,1798.0
1991-05-11 01:12:32,959.0
1991-05-12 01:12:20,1308.0
1991-05-13 01:12:10,1641.0
1991-05-14 01:11:59,1634.0
1991-05-15 01:11:49,0.0
1991-05-16 01:11:40,1647.0
1991-05-18 01:11:24,1315.0
1991-05-19 01:11:16,1167.0
1991-05-20 01:11:09,1322.0
1991-05-21 01:11:06,1353.0
1991-05-22 01:11:01,1199.0
1991-05-23 01:10:56,1249.0
1991-05-24 01:10:52,1301.0
1991-05-28 01:10:37,1570.0
1991-05-29 01:10:35,2815.0
1991-06-01 01:10:28,2363.0
1991-06-03 01:10:24,1097.0
1991-06-04 01:10:23,1975.0
1991-06-05 01:10:21,1878.0
1991-06-06 01:10:19,2521.0
1991-06-07 01:10:18,1732.0
1991-06-08 01:10:16,978.0
1991-06-09 01:10:14,2465.0
1991-06-10 01:10:12,1659.0
1991-06-11 01:10:10,1957.0
1991-06-12 01:10:08,2136.0
1991-06-13 01:10:06,1228.0
1991-06-14 01:10:03,1871.0
1991-06-15 01:10:00,1856.0
1991-06-16 01:09:57,1429.0
1991-06-17 01:09:53,1524.0
1991-06-18 01:09:50,1772.0
1991-06-19 01:09:45,1063.0
1991-06-20 01:09:41,1212.0
1991-06-21 01:09:36,1137.0
1991-06-23 01:09:24,1814.0
1991-06-24 01:09:17,1850.0
1991-06-25 01:09:11,1548.0
1991-06-26 01:09:03,1112.0
1991-06-27 01:08:55,1136.0
1991-06-28 01:08:46,1060.0
1991-06-30 01:08:28,1091.0
1991-07-01 01:08:17,1820.0
1991-07-02 01:08:07,1236.0
1991-07-03 01:07:55,0.0
1991-07-04 01:07:43,890.0
1991-07-05 01:07:30,925.0
1991-07-06 01:07:17,1407.0
1991-07-07 01:07:03,0.0
1991-07-08 01:06:49,940.0
1991-07-09 01:06:36,2949.0
1991-07-10 01:06:21,1653.0
1991-07-11 01:06:06,1200.0
1991-07-12 01:05:49,1269.0
1991-07-13 01:05:33,0.0
1991-07-14 01:05:16,765.0
1991-07-15 01:04:58,0.0
1991-07-16 01:04:40,924.0
1991-07-17 01:04:22,1758.0
1991-07-20 01:03:24,787.0
1991-07-22 01:02:43,0.0
1991-07-23 01:02:22,1458.0
1991-07-26 01:01:19,0.0
1991-07-27 01:00:57,997.0
1991-07-29 01:00:13,1032.0
1991-08-01 00:59:07,901.0
1991-08-02 00:58:45,0.0
1991-08-03 00:58:23,940.0
1991-08-04 00:58:01,770.0
1991-08-05 00:57:39,0.0
1991-08-07 00:56:59,1187.0
1991-08-08 00:56:39,0.0
1991-08-11 00:55:39,789.0
1991-08-15 00:54:25,0.0
1991-08-16 00:54:07,1334.0
1991-08-17 00:53:50,1148.0
1991-08-19 00:53:16,837.0
1991-08-22 00:52:31,829.0
1991-08-28 00:51:20,766.0
1991-11-04 00:48:10,0.0
1991-11-06 00:47:43,0.0
1991-11-07 00:47:28,0.0
1991-11-09 00:46:58,0.0
1991-11-10 00:46:42,1185.0
1991-11-11 00:46:26,0.0
1991-11-13 00:45:52,813.0
1991-11-14 00:45:34,0.0
1991-11-15 00:45:17,940.0
1991-11-16 00:44:59,0.0
1991-11-17 00:44:41,833.0
1991-11-18 00:44:23,0.0
1991-11-20 00:43:46,1062.0
1991-11-21 00:43:28,0.0
1991-11-22 00:43:09,1516.0
1991-11-24 00:42:32,1253.0
1991-11-25 00:42:14,0.0
1991-11-27 00:41:37,1388.0
1991-11-28 00:41:19,0.0
1991-11-29 00:41:01,1349.0
1991-12-01 00:40:26,1004.0
1991-12-02 00:40:09,0.0
1991-12-03 00:39:52,1075.0
1991-12-04 00:39:36,1052.0
1991-12-06 00:39:04,765.0
1991-12-07 00:38:49,0.0
1991-12-08 00:38:34,1088.0
1991-12-09 00:38:20,0.0
1991-12-12 00:37:40,0.0
1991-12-15 00:37:06,0.0
1991-12-18 00:36:39,1347.0
1991-12-19 00:36:31,0.0
1991-12-20 00:36:25,1080.0
1991-12-26 00:35:56,0.0
1991-12-30 00:35:48,0.0
1992-01-03 00:35:47,1329.0
1992-01-05 00:35:50,1602.0
1992-01-06 00:35:51,0.0
1992-01-10 00:36:02,0.0
1992-01-12 00:36:09,1186.0
1992-01-14 00:36:18,0.0
1992-01-15 00:36:23,1704.0
1992-01-17 00:36:32,1236.0
1992-01-19 00:36:41,1314.0
1992-01-21 00:36:50,0.0
1992-01-22 00:36:54,0.0
1992-01-23 00:36:58,0.0
1992-01-24 00:37:02,0.0
1992-01-25 00:37:05,1101.0
1992-01-26 00:37:09,0.0
1992-01-27 00:37:12,0.0
1992-01-28 00:37:15,2411.0
1992-01-29 00:37:17,0.0
1992-01-30 00:37:19,2070.0
1992-01-31 00:37:21,987.0
1992-02-01 00:37:22,1632.0
1992-02-02 00:37:22,0.0
1992-02-03 00:37:22,0.0
1992-02-04 00:37:22,0.0
1992-02-05 00:37:22,1557.0
1992-02-06 00:37:20,1321.0
1992-02-07 00:37:18,0.0
1992-02-08 00:37:16,0.0
1992-02-09 00:37:13,0.0
1992-02-10 00:37:09,0.0
1992-02-12 00:37:05,0.0
1992-02-14 00:36:56,1809.0
1992-02-15 00:36:50,852.0
1992-02-16 00:36:44,1113.0
1992-02-17 00:36:37,0.0
1992-02-18 00:36:30,1358.0
1992-02-19 00:36:22,1444.0
1992-02-20 00:36:14,442.0
1992-02-22 00:35:56,1533.0
1992-02-23 00:35:46,1587.0
1992-02-24 00:35:35,1653.0
1992-02-25 00:35:25,0.0
1992-02-27 00:35:01,0.0
1992-02-28 00:34:49,813.0
1992-02-29 00:34:37,537.0
1992-03-01 00:34:24,464.0
1992-03-02 00:34:10,0.0
1992-03-03 00:33:59,0.0
1992-03-04 00:33:46,0.0
1992-03-05 00:33:32,0.0
1992-03-08 00:32:50,0.0
1992-03-09 00:32:36,0.0
1992-03-10 00:32:21,612.0
1992-03-12 00:27:36,1869.0
1992-03-13 00:31:37,1212.0
1992-03-18 00:30:25,0.0
1992-03-19 00:30:11,1030.0
1992-03-22 00:29:30,601.0
1992-03-24 00:29:04,0.0
1992-03-25 00:28:51,465.0
1992-03-26 00:28:39,0.0
1992-03-28 00:28:16,646.0
1992-03-29 00:28:05,673.0
1992-03-30 00:27:54,520.0
1992-03-31 00:27:51,544.0
1992-04-01 00:27:43,470.0
1992-04-04 00:27:22,0.0
1992-04-05 00:27:16,532.0
1992-04-06 00:27:11,0.0
1992-04-07 00:27:06,525.0
1992-04-08 00:27:01,470.0
1992-04-10 00:26:54,0.0
1992-04-11 00:26:52,0.0
1992-04-14 00:26:49,0.0
1992-04-15 00:26:48,732.0
1992-04-18 00:26:51,416.0
1992-04-27 00:27:28,490.0
1992-04-29 00:27:45,686.0
1992-05-16 00:30:27,552.0
1992-05-17 00:30:37,412.0
1992-05-20 00:31:02,352.0
1992-05-23 00:31:25,333.0
1992-05-24 00:31:31,327.0
1992-06-01 00:32:06,0.0
1992-07-02 00:28:18,2302.0
1992-07-05 00:27:33,349.0
1992-07-09 00:26:31,1504.0
1992-07-10 00:26:15,1252.0
1992-07-11 00:26:00,656.0
1992-07-13 00:25:30,578.0
1992-07-15 00:25:05,1732.0
1992-07-18 00:24:27,0.0
1992-07-19 00:24:15,0.0
1992-07-21 00:23:52,0.0
1992-07-30 00:22:46,1834.0
1992-08-01 00:22:38,1512.0
1992-09-09 00:23:19,731.0
1992-09-11 00:21:50,481.0
1992-09-12 00:20:51,271.0
1992-09-13 00:19:01,267.0
1992-09-14 00:14:46,1523.0
1992-09-15 00:10:40,512.0
1992-09-16 00:06:26,254.0
1992-09-17 00:01:46,271.0
1992-09-17 23:56:01,1427.0
1992-09-19 23:44:40,473.0
1992-09-20 23:38:46,252.0
1992-09-21 23:31:52,271.0
1992-09-22 23:23:04,1794.0
1992-09-23 23:14:21,783.0
1992-09-24 23:05:32,1581.0
1992-09-25 22:56:27,2155.0
1992-09-26 22:46:02,1496.0
1992-09-27 22:33:38,1825.0
1992-09-28 22:21:19,771.0
1992-09-29 22:08:52,475.0
1992-09-30 21:56:00,245.0
1992-10-01 21:41:59,289.0
1992-10-02 21:25:52,1319.0
1992-10-03 21:09:36,718.0
1992-10-04 20:52:39,450.0
1992-10-05 20:33:45,286.0
1992-10-06 20:12:23,265.0
1992-10-07 19:46:27,483.0
