INBOUND_LATITUDE,OUTBOUND_LATITUDE
39.7,1.5
52.1,-15.8
45.9,-13.0
59.6,-18.7
0.0,-35.3
47.4,-13.0
51.0,-21.1
39.9,-12.3
51.1,-16.0
41.8,-6.0
58.7,-17.1
43.7,-12.5
48.9,-14.1
56.0,-23.6
0.0,-23.5
46.7,-21.7
59.8,-25.4
55.6,-26.0
57.6,-26.1
52.0,-19.5
48.7,-20.7
55.9,-25.5
51.0,-6.2
60.3,-22.1
57.2,-27.2
58.1,-3.1
64.1,-25.7
0.0,-22.7
65.8,-38.3
0.0,-24.3
71.9,-34.6
55.1,-40.6
68.6,-42.2
0.0,-36.4
55.0,-29.2
42.0,-40.1
0.0,-32.5
30.8,-6.6
36.3,-31.8
58.0,-25.5
0.0,-51.1
54.2,-33.1
41.8,-17.9
60.7,-23.0
24.8,-27.5
58.1,-47.1
0.0,-38.1
48.6,-46.3
46.0,-24.5
55.3,-11.9
60.5,-26.8
64.1,-54.3
70.5,0.0
65.3,-41.3
0.0,-40.8
60.1,0.0
58.5,-46.5
67.3,0.0
60.4,-40.0
49.6,-43.7
64.0,-33.1
0.0,-29.9
0.0,-42.7
0.0,-33.2
62.0,-25.3
54.5,0.0
63.0,0.0
52.5,-19.2
61.1,0.0
59.3,-28.0
57.3,-17.9
54.6,-49.1
0.0,-54.4
64.1,-40.6
67.1,-47.7
26.5,8.2
51.6,-46.4
46.6,-31.2
61.6,-26.9
-62.7,-66.6
65.7,-39.7
69.4,0.0
37.4,-5.3
62.8,-28.0
60.4,-26.7
45.4,-32.0
55.1,-21.5
60.2,-31.0
60.9,-23.6
54.4,-28.2
68.7,-41.7
53.9,-32.0
48.0,-6.4
51.5,-31.8
60.7,-18.3
66.7,-30.2
62.9,-25.2
62.1,0.0
49.2,-44.6
46.3,-24.7
64.2,-32.2
69.5,-36.3
68.6,-30.9
56.7,-29.9
58.7,-26.6
56.3,0.0
71.9,-21.2
41.7,-12.6
58.4,-23.7
68.8,-22.9
69.9,-21.8
70.7,-25.9
61.9,-24.4
61.1,-27.2
46.5,-13.5
60.5,-31.3
53.3,-18.9
67.5,-32.0
56.8,-18.6
48.0,-18.8
51.5,-23.6
50.4,-17.8
54.2,-15.9
45.3,-13.3
48.9,-16.7
52.2,-18.4
64.1,-28.4
52.2,-12.2
59.7,-16.6
46.4,-18.3
49.6,-14.1
60.0,-18.7
62.2,-21.5
58.6,-21.2
49.6,-15.6
55.1,-15.7
53.9,-5.7
47.7,-14.2
63.3,-21.8
52.6,-8.6
53.7,-7.6
59.6,-9.1
47.2,-1.9
50.7,-9.0
50.9,-8.7
43.8,-4.1
53.0,-7.3
50.1,-0.4
46.5,-2.6
57.9,-11.0
56.0,-5.4
50.9,-7.3
51.0,-5.2
50.0,-6.4
38.6,-0.2
63.9,-14.6
47.4,-4.4
43.1,-3.2
46.0,-4.4
55.5,-9.0
39.5,-0.9
40.9,-2.1
47.5,-3.4
52.0,-3.9
49.8,-0.9
36.0,1.0
35.2,-2.9
43.2,-0.7
51.0,-2.8
34.8,-0.3
38.5,0.0
44.1,-8.2
44.8,-5.2
55.9,-8.2
50.0,-6.5
49.8,-1.6
43.4,1.5
48.1,0.2
37.9,-8.0
35.6,-0.6
17.4,17.4
36.2,0.1
38.9,-3.0
40.1,-2.0
49.4,-2.7
54.0,-9.6
52.7,-0.5
48.0,-5.8
37.4,1.7
34.4,-2.7
46.8,-2.1
61.1,-16.5
40.0,-7.3
53.2,-11.4
42.9,-0.8
53.7,-6.5
35.4,-3.5
38.2,2.5
48.0,-2.1
38.5,0.0
42.4,-8.1
36.2,-11.6
43.7,-6.1
35.3,-12.1
63.5,-13.7
56.5,-19.1
40.3,-9.0
50.3,-16.8
47.2,-14.1
57.2,-30.1
54.0,-25.5
52.1,-25.8
46.1,-22.5
54.2,-23.1
41.1,-6.4
44.3,-11.9
45.9,-9.2
50.2,-12.6
57.1,-23.5
49.4,-17.1
56.8,-18.5
56.6,-30.6
50.6,-14.0
53.9,-17.2
58.3,-27.6
55.5,-17.4
63.4,-22.5
58.9,-17.8
65.5,-21.7
61.3,-24.5
60.4,-30.4
65.0,-29.1
55.4,-17.2
56.5,-22.9
53.4,0.0
58.5,-17.0
34.0,-46.8
47.9,-48.6
0.0,-61.2
50.6,0.0
64.7,0.0
50.2,-33.4
51.1,0.0
39.1,-4.9
48.5,-12.9
66.0,-43.6
46.6,-51.3
61.2,-24.4
64.3,-24.0
63.0,-49.1
64.7,-39.6
54.5,-44.5
0.0,-52.9
61.6,-46.5
60.8,41.3
52.1,-35.8
70.0,-39.0
59.0,-43.0
60.9,-43.8
67.2,-35.1
65.0,-39.3
50.0,-20.7
35.1,-20.2
62.6,0.0
0.0,-41.1
36.8,-22.4
52.4,-42.5
70.1,0.0
65.5,-33.9
54.2,-21.4
69.0,-22.6
61.0,-22.3
72.9,0.0
51.3,0.0
61.4,0.0
55.7,0.0
69.0,-32.4
55.7,0.0
49.4,-22.5
62.7,-38.7
54.7,-32.6
66.0,-32.7
48.7,-24.6
39.0,-19.4
50.9,-37.8
0.0,-17.1
58.1,-17.7
61.2,-26.0
60.5,0.0
69.9,-36.6
61.3,-23.9
69.0,-37.9
65.1,-26.9
66.0,-39.7
74.5,-43.2
70.7,-39.9
62.9,-28.9
53.1,-25.2
60.3,-24.5
61.4,-23.6
68.3,-35.2
61.7,-30.1
54.2,-15.0
64.6,-21.6
57.7,-23.6
44.0,-8.1
58.5,-16.4
49.4,-10.1
47.7,-8.5
56.7,-10.0
46.6,-9.9
55.8,-16.0
60.5,-16.0
47.1,-9.4
53.1,-7.7
38.6,-8.4
51.8,-0.2
60.0,-15.0
64.0,-21.0
44.5,-9.6
54.2,-11.3
48.2,-12.8
53.4,-8.7
60.1,-11.2
58.6,-14.6
57.5,-13.0
46.0,-6.7
60.2,-17.5
51.5,-9.7
60.0,-14.3
59.1,-22.9
59.1,-22.9
62.1,-21.1
36.7,-4.3
42.5,-0.8
39.2,-3.0
37.6,-11.8
40.2,-6.7
40.0,-4.4
38.5,-5.5
46.5,-7.0
43.4,-1.4
39.3,-2.1
47.2,-2.9
32.9,-7.4
50.3,-5.6
39.0,-2.0
46.0,-2.9
58.1,-22.4
53.6,-16.4
59.0,-19.6
66.5,-36.3
73.4,-50.6
49.2,-7.0
45.6,-10.9
45.8,-9.5
50.3,-11.7
45.9,-5.7
52.0,-20.5
39.9,-1.6
37.2,-2.4
46.5,-10.9
51.5,-16.7
46.1,-12.4
34.7,-3.3
0.0,-4.3
46.2,-9.7
49.4,-8.8
48.1,-11.6
47.2,-11.0
43.9,-9.6
47.7,-12.1
48.4,-11.8
56.6,-29.1
62.6,-30.9
49.0,-21.2
52.7,-25.6
48.4,-25.4
51.3,-14.7
45.1,-19.2
55.1,-27.9
63.8,-38.1
50.9,-21.9
54.1,-30.7
48.6,-26.5
55.1,-31.6
62.2,-38.3
42.5,-25.9
58.5,-29.5
59.5,-26.3
51.1,-23.5
43.3,-15.5
49.3,-18.7
54.1,-24.1
46.2,-19.3
50.0,-35.5
56.7,-24.5
52.1,-18.4
0.0,-35.4
53.4,-17.6
55.8,-25.0
63.5,-18.1
64.9,-30.5
60.0,-40.3
65.3,-34.9
61.8,-25.1
59.0,-24.4
51.2,-25.5
60.7,-47.7
57.6,-35.0
64.7,-31.4
56.0,-39.3
67.2,-44.7
57.2,-20.1
63.8,-39.7
67.8,-29.5
62.2,-21.4
61.5,-26.3
52.8,-21.8
46.7,-33.1
66.9,-30.8
67.0,-35.4
61.7,-42.3
58.7,-50.7
55.3,-39.7
0.0,-36.6
54.3,-34.8
55.8,-33.1
59.9,-30.1
66.8,-50.3
62.6,-45.6
0.0,-46.5
51.6,-42.9
57.1,-35.9
65.2,-56.3
63.8,-40.5
57.0,-46.3
52.7,-48.4
54.0,-35.3
56.6,-53.6
61.7,-57.4
-36.8,-55.1
54.5,-22.0
66.3,-37.7
56.9,-43.1
61.7,-43.0
52.8,-49.0
62.6,-44.8
62.1,-39.1
55.8,-36.7
56.3,-46.9
65.2,-45.1
69.3,-32.1
64.6,-39.8
69.7,-45.9
71.0,-43.5
68.6,-51.9
68.0,-32.7
58.5,-48.4
62.4,-48.8
56.6,-53.0
54.0,-53.5
56.3,-48.6
61.5,-47.0
62.6,-51.6
57.2,-55.0
73.1,-30.9
67.8,-45.7
57.2,-20.5
62.3,0.0
57.1,-33.9
61.1,-38.2
66.0,-34.0
60.9,-39.9
62.1,-36.0
52.6,-24.1
67.9,-24.4
60.5,-32.2
62.3,-35.7
66.9,-33.1
47.9,-16.7
68.5,-19.8
69.4,-48.0
72.6,-33.2
61.2,-21.4
70.9,-37.8
66.0,0.0
56.9,-33.6
53.7,-39.4
51.3,-31.0
58.1,-42.2
59.4,-39.7
63.5,-30.7
55.8,-26.6
57.7,-35.2
74.6,-42.7
58.5,-28.7
66.6,-27.0
66.5,-27.4
63.6,0.0
57.4,-24.9
62.3,-23.5
57.8,-21.1
50.5,-17.7
38.5,-11.6
57.3,-21.9
68.4,-24.0
52.2,-20.3
67.6,-22.3
57.9,-24.3
63.2,-12.9
55.8,-20.4
63.5,-29.8
49.5,-17.7
63.2,-33.4
49.5,-13.8
55.1,-23.2
60.1,-31.2
59.1,-18.5
61.3,-34.4
51.1,-15.7
68.4,-34.5
62.7,-27.7
58.6,-18.3
62.7,-27.3
45.4,-11.6
38.1,-8.0
60.8,-30.1
56.0,-24.4
64.4,-18.9
49.0,-18.4
45.4,-8.1
57.2,-7.3
57.6,-8.6
49.6,-3.6
40.2,-9.0
50.1,-7.8
39.6,-1.6
52.1,-9.3
38.6,0.5
41.9,-2.3
53.1,-14.1
41.4,-1.4
32.0,3.3
39.4,-2.5
50.5,-13.3
35.9,-1.0
52.1,-8.5
43.1,-8.0
47.3,-8.0
32.6,4.3
37.6,0.5
31.1,1.5
0.0,6.0
52.4,-9.5
41.5,-1.6
24.7,4.0
27.2,0.0
32.2,3.6
41.3,-2.8
0.0,5.2
36.6,4.0
20.5,16.1
24.0,8.4
32.0,20.1
24.2,14.0
36.6,7.1
19.8,8.4
34.4,-7.5
24.0,2.6
20.6,13.0
23.6,7.5
22.1,-1.2
31.5,11.8
0.0,8.8
45.6,-7.8
36.6,7.4
27.5,12.3
33.9,-4.1
39.8,35.2
41.9,-17.6
0.0,5.0
26.3,8.0
34.7,-8.7
34.4,-3.4
31.4,9.6
56.4,-23.8
49.7,-9.3
44.6,-11.8
42.7,0.0
22.0,7.2
0.0,-19.4
36.5,-1.4
0.0,-10.5
38.6,-12.0
46.1,-19.2
45.1,-22.1
58.5,-28.8
56.1,-27.8
32.8,-1.8
43.7,-23.6
40.1,-22.8
52.8,-16.4
56.3,-22.4
0.0,-21.0
55.7,0.0
55.1,-17.7
55.3,0.0
61.6,0.0
56.8,0.0
28.8,1.1
55.9,-19.8
40.0,-25.4
50.7,-31.9
0.0,-23.7
15.3,-10.0
40.8,0.0
56.4,-34.4
72.9,-25.6
60.5,-16.3
59.7,-21.1
29.4,-26.0
0.0,-1.6
31.8,0.0
31.5,-50.0
36.1,-33.9
50.8,-29.4
39.2,0.0
56.6,-39.1
42.6,-21.9
28.8,-37.2
6.5,-32.9
38.6,-37.9
44.7,-35.2
58.7,-50.3
45.0,-41.5
44.2,-3.7
53.1,-27.6
60.8,-46.1
33.4,-39.2
59.6,-34.3
0.0,-46.0
43.2,-36.0
59.0,-37.9
64.0,-35.4
69.2,-37.6
63.4,-37.9
14.4,-28.5
67.9,-33.5
51.5,-43.0
45.3,-46.8
60.7,0.0
43.5,-42.7
59.7,-47.1
63.6,0.0
46.7,-31.1
56.7,-20.6
57.3,-37.9
57.6,-37.3
48.7,-40.3
58.3,-31.4
0.0,-48.2
47.5,-27.9
35.3,-38.3
56.8,-36.9
24.4,-19.4
60.6,-23.3
68.8,-35.8
54.7,-24.3
70.5,0.0
68.5,-35.8
61.3,0.0
51.5,-13.0
50.7,-36.0
69.7,-47.6
63.7,-30.1
52.6,-5.7
34.5,-23.5
41.9,-13.0
53.2,-29.7
30.1,-21.9
40.0,14.1
60.0,-25.1
70.7,11.6
52.2,24.6
62.6,-17.5
28.9,-13.9
44.7,-29.3
62.9,-20.7
54.4,-34.1
43.6,-8.0
50.9,-17.0
54.8,-9.2
37.3,-17.3
0.0,-13.4
36.7,-8.6
61.0,-22.2
20.4,6.6
62.1,-15.4
52.5,-21.9
59.2,-33.7
41.6,-9.5
55.8,-18.6
53.6,-11.3
52.1,0.0
0.0,-6.2
42.5,-22.5
69.2,-33.8
43.4,-12.3
34.8,-5.6
47.2,-13.7
47.6,-16.1
41.1,-9.5
38.1,-2.8
0.0,7.4
34.9,2.8
52.6,-21.1
54.5,-14.1
41.7,-4.9
30.3,5.4
49.0,-12.3
29.0,-1.7
43.7,8.2
32.8,0.0
61.7,-25.7
9.1,0.7
27.9,2.3
13.4,3.9
28.0,10.7
37.3,-13.6
23.8,-0.4
30.6,-15.9
41.9,-29.1
49.1,-18.5
40.2,-12.2
45.0,-19.8
33.4,-9.0
43.8,-27.6
34.3,-0.8
51.1,-14.2
58.1,-21.9
48.3,-14.2
35.3,-31.5
22.1,-5.8
38.2,-26.4
26.2,-12.7
38.5,-5.8
44.3,11.7
21.0,3.5
10.8,4.3
37.9,-23.7
40.7,-24.4
26.7,-11.2
46.5,-15.9
48.6,-19.5
13.7,-27.6
22.7,-18.6
14.6,11.8
33.5,-32.9
24.0,-5.9
33.4,-12.0
42.3,-4.3
53.3,-18.9
46.2,-35.5
43.5,-15.8
50.5,10.4
49.2,-23.2
0.0,-36.0
42.1,-15.9
20.8,-33.5
29.4,-22.8
27.6,-26.8
43.9,-32.8
46.6,-37.0
28.6,-44.9
57.8,-51.0
50.4,-46.9
0.0,-35.3
54.5,-34.1
40.5,-33.0
39.8,-55.5
45.6,-45.1
51.0,-23.0
37.3,-32.9
39.4,-34.7
50.6,-38.2
56.4,-48.2
44.9,-38.9
55.4,-21.7
48.8,-31.2
47.4,-44.1
66.2,-42.0
52.9,-42.0
60.0,-32.4
50.4,-35.2
46.0,-42.7
19.8,-38.6
47.9,-27.6
39.6,-39.0
0.0,-27.9
0.0,-41.7
55.2,-40.6
0.0,-32.7
28.3,-20.5
52.0,-29.2
49.9,-7.4
48.7,-29.9
55.7,-33.9
38.1,-34.4
36.8,-32.5
27.6,-18.1
27.6,-18.2
20.6,-33.4
58.1,0.0
66.0,-36.7
49.0,-35.1
38.4,0.0
48.1,0.0
60.5,-8.5
44.1,3.5
66.7,-29.4
38.9,-22.2
35.1,-29.9
46.7,-34.7
33.9,-31.3
51.8,0.0
47.4,-13.8
64.8,-22.8
54.9,-23.5
44.7,-34.6
55.0,-27.2
21.9,-8.3
35.6,-13.1
45.6,-15.8
58.7,-16.3
41.5,0.0
60.9,0.0
47.8,-36.3
0.0,-6.3
47.8,11.6
30.1,4.8
55.5,-23.5
27.6,-5.2
26.9,-0.8
47.4,-13.9
26.3,0.0
18.3,9.3
13.0,13.0
37.1,-11.2
35.9,-3.9
33.9,-9.9
55.8,-1.8
25.0,-2.5
18.7,11.8
23.2,4.9
30.5,5.2
20.3,-17.8
-7.9,-10.3
17.0,-26.7
30.1,-18.8
30.0,-46.4
31.6,-6.6
3.9,-7.5
32.6,-39.3
34.6,-18.1
42.5,-0.7
30.1,2.5
47.5,-32.5
37.5,-7.4
46.5,-20.0
38.8,0.0
33.6,-33.2
33.3,-8.9
34.5,-17.5
7.7,-4.2
31.3,-27.6
34.5,-33.8
30.5,-45.2
38.0,-26.3
54.2,-52.4
50.1,-40.7
58.5,-41.1
48.5,-23.1
38.7,-33.8
48.7,-41.4
47.1,-34.9
47.7,-35.3
32.2,-35.0
53.8,-42.7
42.5,-43.9
50.9,-37.0
39.5,-31.6
49.6,-34.0
52.1,-28.2
43.3,-37.1
28.3,-48.0
26.0,-30.7
37.5,-26.0
14.1,-45.4
55.7,-30.7
47.4,0.0
27.6,-30.2
42.8,-45.0
40.1,-28.0
56.4,-19.3
49.0,-37.2
51.8,-44.4
21.5,-30.1
63.9,-24.1
58.4,-20.5
45.4,-17.3
40.0,-16.5
57.8,-15.9
56.0,-31.3
31.8,-0.8
38.6,0.3
51.4,-20.6
34.4,-9.5
56.8,-6.3
41.7,20.8
45.1,17.1
2.0,-13.3
30.4,-29.2
36.7,3.3
21.6,12.8
21.5,-8.1
18.6,-18.7
31.9,21.1
47.8,26.1
8.9,1.0
33.4,17.4
41.8,16.5
36.7,-15.5
32.6,5.3
13.2,9.5
8.2,-7.8
20.2,-11.5
39.7,3.9
16.6,2.6
27.4,-16.8
7.1,-4.8
40.0,0.0
12.5,0.0
51.2,-28.4
27.6,0.0
48.7,-20.2
-2.6,-29.6
37.9,0.0
19.6,-29.1
38.9,0.0
0.0,-31.2
30.6,-45.7
56.1,0.0
30.7,-42.2
34.4,-10.8
6.5,-8.6
30.4,-11.1
31.5,-14.5
41.7,-6.3
45.9,29.9
32.8,0.0
27.4,-2.7
26.0,-20.9
37.1,-12.5
45.5,22.2
21.1,15.6
16.6,8.9
-16.5,-21.1
2.7,-8.3
-12.0,-26.1
17.5,-33.8
8.8,-25.4
17.7,-16.6
22.4,-28.9
36.1,-29.9
0.0,-11.7
5.3,-13.7
17.6,6.1
0.0,-15.9
43.0,-26.4
25.9,-15.9
24.1,-15.8
35.1,-23.6
28.9,3.5
29.0,-25.1
30.0,-25.6
9.8,0.0
25.0,-17.6
35.1,-22.3
33.5,-36.5
36.1,-39.7
38.1,0.0
27.2,-37.3
36.5,0.0
45.7,-37.8
47.5,-4.0
42.3,-11.5
33.8,-16.5
34.7,-34.9
47.1,-36.7
44.0,-33.9
13.2,0.0
35.3,-18.0
22.6,-16.5
27.8,-26.4
37.1,11.7
42.3,-23.6
28.5,-17.2
48.5,0.0
45.5,-31.8
31.3,-14.1
30.7,-23.3
37.9,-23.2
37.1,-13.6
48.9,-20.5
26.6,-29.1
33.1,0.0
36.4,-27.3
26.6,-15.1
23.0,-32.4
42.5,-5.5
0.0,-2.0
46.6,0.9
0.0,-14.3
23.9,-14.7
44.7,30.2
18.5,13.1
48.4,-6.5
45.7,-12.8
37.7,0.0
18.0,-11.7
41.1,-2.4
28.9,-15.6
37.3,0.0
16.8,0.0
21.4,-25.0
26.8,-33.6
27.8,-31.1
44.3,-25.1
44.9,0.0
40.9,-19.9
0.0,-30.2
33.1,0.0
42.6,-10.3
32.6,0.8
48.6,-16.9
29.7,-21.9
40.8,-21.9
36.3,-6.9
32.4,-27.4
28.6,-15.6
-6.5,-22.7
-9.0,-27.8
16.2,-33.1
35.0,-27.9
43.7,-28.3
41.1,-11.9
38.6,0.0
12.2,-17.8
35.3,-21.4
27.2,-24.1
36.2,-9.9
40.1,-25.6
42.3,-22.9
41.9,-21.4
29.2,2.1
41.1,-18.2
38.8,-16.5
37.3,-13.9
48.5,-2.9
34.6,-10.6
-5.8,-12.9
30.2,-4.6
27.3,-0.6
22.3,3.9
25.6,10.5
10.2,-2.9
8.2,8.2
0.0,70.2
0.0,-37.0
15.5,0.9
0.0,-33.8
16.6,-8.0
0.0,-38.8
0.0,-33.3
29.9,-39.7
31.6,-31.3
15.5,-18.4
38.2,-31.0
33.4,-31.3
25.2,-27.5
15.4,-23.0
27.6,-23.1
22.9,-27.8
34.2,-27.4
3.6,-28.0
19.9,-8.5
27.0,-3.6
34.0,-16.9
35.8,-0.9
41.4,-8.2
32.6,-6.9
31.0,0.0
33.9,-5.6
32.3,-5.6
24.6,-2.4
24.0,-37.2
8.7,-30.5
32.8,-18.2
7.4,-25.0
21.4,-38.8
25.6,-33.0
28.9,-28.3
36.2,-17.2
37.9,-9.4
24.5,-40.9
22.2,0.0
0.0,-35.6
41.6,-21.6
42.6,-22.9
42.4,-32.9
33.3,-22.8
36.3,-27.1
27.2,0.0
39.7,-21.2
22.3,-23.5
40.2,-25.8
14.9,-27.6
32.3,-9.4
31.7,-23.7
0.0,-23.2
34.2,-22.7
29.3,1.7
41.0,-20.7
33.9,-16.2
-41.9,0.0
32.4,-38.7
33.3,-37.7
0.0,-37.9
23.9,-35.8
0.0,-22.8
39.0,-5.9
38.9,-39.6
46.3,-23.0
28.2,-35.7
21.8,-31.8
40.0,-38.3
25.3,-35.8
15.5,-31.4
42.9,-17.2
40.4,2.5
26.3,-32.5
42.1,-20.8
27.0,-39.7
14.2,-22.1
48.6,-11.5
41.7,-23.9
38.7,-39.5
42.0,-20.8
3.3,-29.3
32.8,-30.8
15.4,-27.3
26.9,-24.6
12.0,-28.4
34.3,-30.3
-0.3,-0.3
30.9,-35.6
32.4,-30.1
24.1,-28.1
0.0,-20.4
0.0,-16.5
17.4,-9.8
0.0,-31.6
25.6,-15.3
37.0,-21.6
26.5,-32.6
0.0,-23.3
6.7,-22.4
19.4,-21.0
29.4,-16.9
33.9,-10.0
33.1,-21.8
17.1,-16.6
22.0,-4.1
17.5,-12.5
21.7,-25.1
21.5,-9.2
6.2,-34.5
32.1,-12.6
23.8,-17.4
24.4,-35.2
29.9,-36.1
15.7,-36.7
37.4,-28.3
22.3,-39.1
15.1,-35.4
42.0,-31.1
36.7,-28.4
22.9,-37.5
42.0,29.7
38.2,-33.2
29.5,-39.1
42.6,-37.3
35.7,-47.3
36.2,-33.7
30.1,-37.4
29.8,-14.8
16.5,-35.0
20.6,-38.7
38.7,-17.3
40.7,-27.0
28.2,-14.8
38.6,-36.8
46.3,-46.8
27.1,-26.2
23.4,-32.5
27.3,-22.6
42.3,-26.2
53.8,-49.0
39.7,-13.7
33.4,-14.2
26.7,-33.8
27.6,-13.9
22.2,-20.3
20.1,-2.1
41.7,-24.4
33.6,-8.8
37.2,-27.2
38.5,-35.3
33.8,-10.4
31.4,-29.6
23.6,-7.3
17.4,0.0
-2.4,-2.4
-2.5,-2.5
-2.5,-2.5
-2.5,-2.5
-2.5,-2.5
-2.5,-2.5
-2.5,-2.5
14.2,0.0
8.7,-40.6
14.3,-20.4
2.1,-19.4
25.9,-31.2
0.0,-39.4
0.0,-45.6
0.0,-27.0
25.7,-25.2
18.4,-47.2
29.6,-54.8
31.1,-50.9
31.5,-16.0
47.1,-30.9
-2.7,-2.7
0.0,-33.3
36.1,-31.2
24.2,-32.6
35.6,-25.4
32.6,-33.4
39.1,-25.1
54.7,-33.8
47.7,-46.9
37.7,-38.0
61.5,-15.6
53.7,-29.6
46.0,-23.2
40.4,-36.7
32.1,-38.4
31.2,-23.0
33.3,-38.0
33.7,-24.4
38.4,-23.1
32.6,-40.6
27.0,-18.2
34.5,-29.2
38.2,-28.5
23.4,-5.4
28.2,-8.2
19.9,-7.9
0.3,0.0
29.7,-4.6
43.8,-4.3
29.4,-29.8
38.4,-11.5
40.7,-43.6
68.3,-41.2
46.9,-32.7
28.2,0.2
16.6,-16.9
0.0,-3.0
4.6,-14.1
15.9,0.0
34.4,-40.8
21.2,-48.0
19.3,-55.9
40.4,0.0
30.3,0.0
35.0,-51.6
29.5,-51.0
19.1,-44.4
8.0,-27.1
0.6,-28.1
11.4,-40.7
39.2,-48.7
34.7,-43.8
26.5,-22.1
39.6,0.0
38.1,-24.0
27.5,-33.1
42.9,-16.5
41.5,-23.7
39.5,-33.4
41.9,-40.8
24.6,-34.0
42.0,-47.1
38.0,-51.4
36.4,-37.8
28.2,-49.7
39.2,-61.4
42.9,-48.4
25.3,-49.3
30.5,-50.6
36.9,-36.4
39.7,-24.2
21.2,-32.4
22.2,-31.7
32.5,-49.3
0.0,-45.5
39.8,-25.1
0.0,-49.3
47.7,-38.5
57.7,-38.9
56.1,-48.8
38.1,-14.6
51.0,-27.9
32.8,-27.3
46.6,-25.7
37.3,-34.4
35.7,-22.1
37.5,-17.8
46.4,-28.3
38.2,-40.2
44.7,-18.2
49.7,-37.4
48.1,-41.4
43.5,-29.1
22.2,-33.0
42.2,-34.8
29.5,-56.1
43.8,-35.1
52.2,0.0
44.9,0.0
0.0,-15.5
51.1,-15.1
19.6,-7.0
49.8,-55.2
19.2,-23.4
0.0,-4.8
23.2,-51.8
32.3,-45.7
18.4,0.0
25.9,-37.5
25.9,0.0
31.7,-40.0
53.3,-50.7
37.5,-24.2
29.2,-38.2
31.5,-38.1
38.3,-46.0
33.6,-46.6
38.1,-38.2
33.6,-50.1
35.0,-49.7
22.5,-38.4
11.1,-39.8
36.6,-45.2
37.5,-35.3
40.5,-40.9
42.9,0.0
44.1,-44.3
27.4,-33.4
41.4,-34.5
38.5,-29.4
24.0,-49.9
36.9,-36.8
46.0,-33.6
44.3,-34.0
42.0,-32.6
43.2,-38.4
52.6,-30.6
45.9,-31.4
50.2,-41.6
60.4,-36.1
42.7,-34.1
47.3,-36.2
30.6,-27.2
42.9,-33.3
48.9,-43.1
29.7,-16.9
48.2,-33.6
33.8,-15.0
25.7,-22.9
26.3,-24.1
11.1,-19.4
8.4,-15.2
35.6,-22.5
38.6,-25.6
6.4,0.0
8.6,-12.0
30.2,-21.0
43.5,-24.4
34.6,-11.5
50.4,-29.0
-4.2,-21.9
36.4,-41.5
34.3,-20.7
25.2,-17.9
14.8,0.0
31.9,-41.1
36.0,-28.4
28.1,-16.5
-3.8,-19.4
6.9,-22.0
21.9,-14.2
27.6,0.0
1.3,0.0
26.7,-42.6
1.6,-19.4
-6.6,-21.3
18.3,-36.8
22.0,-53.4
28.4,-39.5
32.3,0.0
23.4,0.0
31.0,0.0
13.5,0.0
19.7,-26.9
18.5,0.0
38.0,-38.5
16.4,-29.2
45.6,0.0
27.8,-29.3
33.0,0.0
26.3,-27.6
33.4,-38.9
48.5,-30.1
28.5,-32.8
5.9,-22.2
0.0,-40.3
36.4,-16.9
53.2,-44.2
23.1,-30.0
39.6,-26.8
29.8,-27.8
28.4,-27.6
0.0,-35.3
-6.9,-6.9
-6.8,-6.8
20.5,-12.9
17.3,-26.8
-7.2,-7.2
19.8,0.0
9.3,-27.2
20.1,-18.6
-0.6,-19.2
16.6,-38.8
11.3,-28.3
11.2,-24.8
4.5,-27.9
10.2,-39.4
19.7,-43.5
22.5,0.0
27.3,-40.6
3.3,-13.1
3.2,-33.1
14.2,-49.2
29.4,-42.5
23.8,-46.4
11.7,-40.5
10.2,-39.5
30.0,-18.0
25.3,-46.5
25.1,-15.2
42.6,-34.0
16.9,-43.1
16.7,-43.0
22.2,0.0
17.2,-43.3
27.6,-34.3
33.9,-28.8
38.9,-34.6
38.2,-35.6
31.7,-30.2
33.9,-32.1
33.8,-34.0
12.5,-41.8
35.8,-61.8
42.9,-56.4
30.5,-26.9
16.7,-50.5
25.0,-48.9
22.6,-58.7
0.0,-46.2
49.4,-21.0
35.2,-58.2
41.6,-44.9
38.3,-50.8
40.4,-53.8
51.9,-33.7
46.1,-49.5
36.8,-49.3
38.7,-40.1
42.6,-42.6
48.5,-48.0
44.5,-28.2
49.6,-34.2
47.1,-31.6
45.6,-49.3
50.5,-50.1
51.0,-44.1
44.9,-31.5
34.4,-32.6
40.6,-29.7
36.4,-31.4
46.0,-50.2
30.0,-36.7
52.2,0.0
38.2,-22.0
32.7,-24.4
42.0,-41.9
34.6,0.0
16.8,-25.8
52.3,-65.6
30.4,-47.7
0.0,-36.5
37.3,-38.7
42.9,0.0
42.9,-9.9
49.4,0.0
-4.9,-26.0
50.6,-50.2
9.4,-16.4
37.5,0.0
34.3,-44.1
33.5,0.0
9.5,-30.1
13.2,-31.6
-6.9,-25.5
18.9,0.0
0.0,-27.6
0.0,-15.0
14.6,0.0
37.0,-36.9
27.8,0.0
26.3,-16.8
19.3,0.0
26.0,-40.8
19.9,-35.3
14.8,-20.6
0.0,-19.7
2.8,-10.2
15.0,0.0
11.4,0.0
18.2,0.0
4.0,0.0
9.7,-42.5
4.8,0.0
12.2,-30.5
21.6,0.0
18.5,-35.4
14.5,0.0
13.2,-31.4
14.1,0.0
8.3,-39.4
10.7,0.0
18.3,-50.1
16.8,-44.4
13.0,0.0
19.0,-47.4
19.4,0.0
14.8,-46.5
29.6,-37.5
17.5,0.0
23.6,-39.6
22.9,-38.8
0.0,-28.0
28.4,0.0
32.3,-39.8
18.7,0.0
26.3,0.0
39.6,0.0
24.4,-46.0
20.0,0.0
9.9,-39.2
35.9,0.0
14.3,0.0
43.8,-45.8
49.6,-51.3
32.3,0.0
59.1,0.0
32.4,-42.9
49.2,0.0
0.0,-53.6
36.4,-44.6
14.0,-46.6
50.8,0.0
43.7,0.0
31.1,0.0
52.5,0.0
51.7,-42.2
37.6,0.0
51.7,0.0
0.0,-63.9
28.6,0.0
42.1,-60.1
49.7,-39.8
51.1,-53.9
46.2,0.0
45.4,0.0
55.0,0.0
54.7,-53.1
56.5,-48.7
42.0,0.0
37.5,0.0
57.4,0.0
47.3,0.0
25.1,0.0
0.0,-57.8
47.5,-37.8
52.5,-45.1
50.8,0.0
36.2,-50.6
36.1,-52.3
33.4,-16.3
46.1,-54.0
50.4,-55.0
36.2,-56.1
21.8,0.0
34.3,0.0
10.7,-37.7
0.9,-26.0
4.4,-20.9
35.7,0.0
46.3,0.0
7.9,0.0
16.2,0.0
15.3,0.0
13.4,0.0
20.6,-30.4
6.0,-59.3
27.6,-48.4
15.9,0.0
41.2,-44.1
18.3,-29.6
18.4,0.0
-4.7,-21.0
13.4,0.0
0.4,-31.4
-0.3,-32.5
9.7,-24.7
3.0,-26.0
6.7,-20.8
20.8,0.0
18.2,-25.1
20.7,0.0
4.1,-24.6
-6.1,-20.4
9.4,0.0
-2.5,0.0
-9.1,0.0
11.1,-34.4
-0.9,-13.1
3.0,-23.0
3.3,-33.3
1.2,-30.1
1.4,-21.9
-5.4,-17.2
-5.2,-16.4
19.5,-16.1
-1.2,0.0
0.0,-66.7
12.8,-27.4
25.2,-58.0
23.4,-53.8
35.3,-39.9
27.6,-37.2
0.0,-61.1
30.0,0.0
34.1,0.0
40.5,0.0
0.0,-62.0
0.0,-57.6
34.1,-43.9
22.7,-36.4
13.8,-27.0
13.8,-27.0
46.1,-59.3
27.2,-37.6
16.0,-25.8
15.3,-27.2
46.7,-57.9
26.1,-36.3
18.9,-25.9
16.0,-27.3
44.6,-63.0
33.8,-45.7
24.0,-60.5
17.1,-67.0
15.1,-59.4
44.9,-63.5
30.8,-45.5
23.8,-36.6
14.7,-25.6
13.3,-28.5
47.5,-56.7
35.3,-44.2
23.0,-35.8
14.9,-28.3
16.0,-27.2
25.3,-37.3
