DATETIME,INBOUND_ALTITUDE,OUTBOUND_ALTITUDE
1978-12-05 15:11:12,601.0,522.0
1978-12-06 14:21:42,832.0,834.0
1978-12-07 14:31:46,579.0,687.0
1978-12-08 14:40:12,1110.0,867.0
1978-12-09 14:48:14,0.0,1748.0
1978-12-11 15:04:10,592.0,645.0
1978-12-12 15:11:51,714.0,956.0
1978-12-13 15:19:28,386.0,600.0
1978-12-14 15:28:58,708.0,742.0
1978-12-15 15:38:23,423.0,441.0
1978-12-16 15:47:36,1032.0,778.0
1978-12-17 15:56:41,469.0,621.0
1978-12-18 16:05:40,623.0,672.0
1978-12-20 16:23:22,896.0,1052.0
1978-12-21 16:31:58,0.0,1044.0
1978-12-22 16:40:26,549.0,959.0
1978-12-23 16:48:46,1080.0,1137.0
1978-12-24 16:57:01,873.0,1162.0
1978-12-25 17:05:12,967.0,1170.0
1978-12-26 17:13:23,729.0,869.0
1978-12-27 17:21:31,611.0,921.0
1978-12-28 17:29:35,888.0,1139.0
1978-12-29 17:37:40,690.0,444.0
1978-12-30 17:45:41,1109.0,985.0
1978-12-31 17:53:40,953.0,1233.0
1979-01-01 18:01:37,996.0,377.0
1979-01-03 18:17:24,1330.0,1136.0
1979-01-04 18:22:26,0.0,1009.0
1979-01-05 18:27:21,1461.0,1938.0
1979-01-06 18:32:15,0.0,1087.0
1979-01-07 18:37:09,2073.0,1681.0
1979-01-08 18:42:02,863.0,2122.0
1979-01-09 18:46:54,1711.0,2261.0
1979-01-10 18:51:47,0.0,1815.0
1979-01-11 18:56:33,853.0,1344.0
1979-01-12 19:00:55,424.0,2081.0
1979-01-14 19:09:34,0.0,1551.0
1979-01-15 19:13:53,236.0,468.0
1979-01-16 19:18:12,320.0,1515.0
1979-01-17 19:22:23,995.0,1145.0
1979-01-18 19:25:56,0.0,3134.0
1979-01-19 19:29:28,831.0,1584.0
1979-01-21 19:36:30,433.0,828.0
1979-01-22 19:40:02,1167.0,1046.0
1979-01-23 19:43:34,192.0,1280.0
1979-01-24 19:46:53,1005.0,2705.0
1979-01-25 19:49:20,0.0,1927.0
1979-01-26 19:51:45,620.0,2639.0
1979-01-27 19:54:10,543.0,1108.0
1979-01-29 19:58:58,899.0,622.0
1979-01-30 20:01:23,1173.0,1238.0
1979-01-31 20:03:34,1370.0,3536.0
1979-02-01 20:04:31,1976.0,0.0
1979-02-02 20:05:24,1472.0,2177.0
1979-02-03 20:06:15,0.0,2149.0
1979-02-04 20:07:05,1141.0,0.0
1979-02-06 20:08:47,1068.0,2681.0
1979-02-07 20:09:23,1642.0,0.0
1979-02-08 20:09:05,1150.0,2063.0
1979-02-09 20:08:46,663.0,2381.0
1979-02-10 20:08:26,1397.0,1582.0
1979-02-11 20:08:05,0.0,1389.0
1979-02-12 20:07:44,0.0,2316.0
1979-02-13 20:07:23,0.0,1600.0
1979-02-14 20:06:48,1248.0,1123.0
1979-02-15 20:05:23,857.0,0.0
1979-02-16 20:03:55,1323.0,0.0
1979-02-19 19:59:27,787.0,866.0
1979-02-20 19:57:57,1223.0,0.0
1979-02-21 19:56:14,1104.0,1248.0
1979-02-22 19:53:44,989.0,794.0
1979-02-23 19:51:13,866.0,2891.0
1979-02-24 19:48:39,0.0,3517.0
1979-02-25 19:46:03,1409.0,2099.0
1979-02-26 19:43:27,1653.0,2750.0
1979-02-27 19:40:42,176.0,187.0
1979-02-28 19:37:25,740.0,2594.0
1979-03-01 19:34:05,566.0,1434.0
1979-03-02 19:30:40,1236.0,1196.0
1979-03-03 19:27:13,4789.0,16475.0
1979-03-04 19:23:43,1530.0,2018.0
1979-03-05 19:20:13,1876.0,0.0
1979-03-06 19:16:41,343.0,414.0
1979-03-07 19:13:08,1324.0,1255.0
1979-03-08 19:09:34,1175.0,1190.0
1979-03-09 19:05:59,541.0,1487.0
1979-03-10 19:02:23,905.0,945.0
1979-03-11 18:58:47,1167.0,1422.0
1979-03-12 18:55:09,1205.0,1039.0
1979-03-13 18:51:31,873.0,1269.0
1979-03-14 18:56:09,1803.0,2175.0
1979-03-15 19:00:46,851.0,1485.0
1979-03-16 19:05:23,629.0,443.0
1979-03-17 19:09:58,756.0,1467.0
1979-03-18 19:14:33,1190.0,811.0
1979-03-19 19:19:07,1612.0,1376.0
1979-03-20 19:23:41,1328.0,1107.0
1979-03-21 19:28:13,1275.0,0.0
1979-03-22 19:32:45,667.0,2409.0
1979-03-23 19:37:16,571.0,1081.0
1979-03-24 19:41:45,1411.0,1486.0
1979-03-25 19:46:14,1857.0,1750.0
1979-03-26 19:50:41,1761.0,1405.0
1979-03-27 19:55:08,968.0,1347.0
1979-03-28 19:59:34,1070.0,1168.0
1979-03-29 20:03:58,950.0,0.0
1979-03-30 20:08:21,2122.0,918.0
1979-03-31 20:12:44,437.0,605.0
1979-04-01 20:17:04,1049.0,1028.0
1979-04-02 20:21:24,1768.0,989.0
1979-04-03 20:25:41,1872.0,942.0
1979-04-04 20:29:57,1973.0,1126.0
1979-04-05 20:34:11,1241.0,1058.0
1979-04-06 20:38:23,1191.0,1192.0
1979-04-07 20:42:32,564.0,628.0
1979-04-08 20:46:38,1152.0,1421.0
1979-04-09 20:50:40,804.0,818.0
1979-04-10 20:54:39,1635.0,1457.0
1979-04-11 20:58:33,959.0,808.0
1979-04-12 21:02:24,607.0,816.0
1979-04-13 21:06:12,731.0,1019.0
1979-04-14 21:09:54,691.0,777.0
1979-04-15 21:13:27,841.0,709.0
1979-04-16 21:16:54,525.0,622.0
1979-04-17 21:20:12,639.0,738.0
1979-04-18 21:23:21,760.0,800.0
1979-04-19 21:26:20,1372.0,1258.0
1979-04-20 21:29:10,759.0,590.0
1979-04-21 21:31:54,1109.0,739.0
1979-04-22 21:34:31,563.0,803.0
1979-04-23 21:37:01,668.0,655.0
1979-04-24 21:39:24,1131.0,822.0
1979-04-25 21:41:32,1251.0,929.0
1979-04-26 21:43:17,1050.0,915.0
1979-04-27 21:44:40,665.0,704.0
1979-04-28 21:45:52,888.0,710.0
1979-04-29 21:46:52,835.0,423.0
1979-04-30 21:47:40,596.0,653.0
1979-05-01 21:47:47,1329.0,944.0
1979-05-02 21:47:38,782.0,490.0
1979-05-03 21:47:17,827.0,469.0
1979-05-04 21:46:48,1115.0,510.0
1979-05-05 21:46:13,598.0,349.0
1979-05-06 21:45:34,720.0,516.0
1979-05-07 21:44:52,733.0,510.0
1979-05-08 21:44:00,483.0,378.0
1979-05-09 21:42:00,799.0,457.0
1979-05-10 21:39:43,693.0,315.0
1979-05-11 21:37:14,576.0,360.0
1979-05-12 21:34:39,1038.0,570.0
1979-05-13 21:31:59,949.0,428.0
1979-05-14 21:29:15,742.0,478.0
1979-05-15 21:26:32,750.0,431.0
1979-05-16 21:23:29,689.0,435.0
1979-05-17 21:19:45,370.0,313.0
1979-05-18 21:15:45,1410.0,683.0
1979-05-19 21:11:38,615.0,403.0
1979-05-20 21:07:28,491.0,383.0
1979-05-21 21:03:15,582.0,413.0
1979-05-22 20:59:00,951.0,531.0
1979-05-23 20:54:44,421.0,353.0
1979-05-24 20:50:11,419.0,340.0
1979-05-25 20:44:13,611.0,370.0
1979-05-26 20:38:02,780.0,387.0
1979-05-28 20:25:18,709.0,337.0
1979-05-29 20:18:42,318.0,285.0
1979-05-30 20:11:08,307.0,360.0
1979-05-31 20:03:05,492.0,323.0
1979-06-01 20:11:33,754.0,368.0
1979-06-02 20:19:40,318.0,326.0
1979-06-03 20:27:45,393.0,0.0
1979-06-05 20:43:49,545.0,510.0
1979-06-06 20:51:33,528.0,400.0
1979-06-07 20:57:58,958.0,478.0
1979-06-08 21:04:07,713.0,439.0
1979-06-09 21:10:06,708.0,338.0
1979-06-10 21:16:00,508.0,290.0
1979-06-11 21:21:48,658.0,315.0
1979-06-12 21:27:33,383.0,492.0
1979-06-13 21:33:15,342.0,335.0
1979-06-14 21:38:44,151.0,151.0
1979-06-15 21:42:52,329.0,296.0
1979-06-16 21:46:41,386.0,356.0
1979-06-17 21:50:17,417.0,340.0
1979-06-19 21:57:02,699.0,357.0
1979-06-20 22:00:16,891.0,522.0
1979-06-21 22:03:26,836.0,322.0
1979-06-22 22:06:26,636.0,409.0
1979-06-23 22:08:18,354.0,269.0
1979-06-24 22:09:54,299.0,345.0
1979-06-25 22:11:14,604.0,335.0
1979-06-26 22:12:21,1257.0,725.0
1979-06-27 22:13:18,417.0,450.0
1979-06-28 22:14:05,847.0,560.0
1979-06-29 22:14:45,495.0,317.0
1979-06-30 22:15:18,873.0,433.0
1979-07-01 22:15:45,326.0,368.0
1979-07-02 22:16:06,382.0,267.0
1979-07-03 22:16:21,651.0,343.0
1979-07-04 22:16:32,389.0,0.0
1979-07-05 22:16:38,483.0,472.0
1979-07-06 22:16:44,342.0,567.0
1979-07-07 22:16:36,520.0,425.0
1979-07-08 22:16:28,327.0,584.0
1979-07-11 22:15:34,1408.0,630.0
1979-07-12 22:15:10,1001.0,820.0
1979-07-13 22:14:34,427.0,493.0
1979-07-14 22:13:56,732.0,732.0
1979-07-15 22:13:13,623.0,639.0
1979-07-16 22:12:24,1031.0,1329.0
1979-07-17 22:11:29,875.0,1092.0
1979-07-18 22:10:28,797.0,1104.0
1979-07-19 22:09:21,582.0,953.0
1979-07-20 22:08:06,883.0,976.0
1979-07-21 22:06:45,442.0,423.0
1979-07-22 22:05:16,525.0,565.0
1979-07-23 22:03:40,572.0,490.0
1979-07-24 22:01:57,718.0,585.0
1979-07-25 22:04:11,1019.0,990.0
1979-07-26 22:06:17,684.0,732.0
1979-07-27 22:08:17,993.0,786.0
1979-07-28 22:10:08,986.0,1344.0
1979-07-29 22:11:50,728.0,628.0
1979-07-30 22:13:26,860.0,733.0
1979-07-31 22:14:55,1068.0,1182.0
1979-08-01 22:16:16,929.0,740.0
1979-08-02 22:17:32,1368.0,941.0
1979-08-03 22:18:42,1099.0,752.0
1979-08-04 22:19:47,1517.0,907.0
1979-08-05 22:20:48,1230.0,1033.0
1979-08-06 22:21:47,1182.0,1336.0
1979-08-07 22:22:41,1473.0,1263.0
1979-08-08 22:23:34,922.0,737.0
1979-08-09 22:24:22,975.0,965.0
1979-09-13 22:49:17,867.0,0.0
1979-09-15 22:45:33,1139.0,761.0
1979-09-17 23:07:11,333.0,2618.0
1979-09-21 23:47:03,653.0,2754.0
1979-09-24 00:05:37,0.0,4440.0
1979-09-25 00:14:55,772.0,0.0
1979-09-27 00:33:13,1522.0,0.0
1979-09-28 00:41:21,735.0,1508.0
1979-09-30 00:57:31,777.0,0.0
1979-10-01 01:05:34,407.0,388.0
1979-10-02 01:13:37,686.0,598.0
1979-10-04 01:29:30,1634.0,2241.0
1979-10-05 01:36:30,602.0,3002.0
1979-10-07 01:50:18,1288.0,1015.0
1979-10-08 01:57:10,1504.0,1002.0
1979-10-09 02:04:01,1413.0,2773.0
1979-10-11 02:17:35,1534.0,1915.0
1979-10-12 02:23:59,923.0,2313.0
1979-10-13 02:30:23,0.0,3180.0
1979-10-16 02:49:24,1321.0,2503.0
1979-10-18 03:01:58,1270.0,465.0
1979-10-19 03:08:14,826.0,1651.0
1979-10-20 03:14:28,2050.0,1870.0
1979-10-21 03:20:41,1167.0,2182.0
1979-10-22 03:26:53,1280.0,2250.0
1979-10-23 03:33:04,1748.0,1603.0
1979-10-24 03:39:14,1562.0,1890.0
1979-10-25 03:45:24,745.0,857.0
1979-10-26 03:51:32,330.0,839.0
1979-10-29 04:09:53,1384.0,0.0
1979-10-30 04:15:58,0.0,2025.0
1979-11-01 04:28:06,364.0,924.0
1979-11-02 04:34:07,836.0,2126.0
1979-11-05 04:52:07,2017.0,0.0
1979-11-06 04:58:05,1579.0,1508.0
1979-11-07 05:04:01,909.0,875.0
1979-11-08 05:09:56,1892.0,923.0
1979-11-09 05:15:50,1263.0,912.0
1979-11-10 05:21:42,2408.0,0.0
1979-11-11 05:27:31,782.0,0.0
1979-11-13 05:39:03,1283.0,0.0
1979-11-14 05:44:46,970.0,0.0
1979-11-16 05:56:03,1872.0,1408.0
1979-11-17 06:01:36,967.0,0.0
1979-11-18 06:07:05,700.0,911.0
1979-11-19 06:12:31,1355.0,1814.0
1979-11-20 06:17:53,917.0,1416.0
1979-11-21 06:23:11,1591.0,1424.0
1979-11-22 06:28:24,672.0,1001.0
1979-11-23 06:33:31,393.0,786.0
1979-11-24 06:38:32,752.0,1752.0
1979-11-25 06:43:26,0.0,703.0
1979-11-26 06:48:11,1083.0,724.0
1979-11-27 06:52:46,1259.0,1067.0
1979-11-28 06:57:10,1212.0,0.0
1979-11-29 07:01:22,1950.0,1675.0
1979-11-30 07:05:23,1267.0,975.0
1979-12-01 07:09:13,1864.0,1763.0
1979-12-02 07:12:48,1522.0,1116.0
1979-12-03 07:16:12,1595.0,1894.0
1979-12-04 07:19:25,2829.0,2174.0
1979-12-05 07:22:29,2054.0,1922.0
1979-12-06 07:25:23,1376.0,1226.0
1979-12-07 07:28:09,855.0,1045.0
1979-12-08 07:30:49,1215.0,1018.0
1979-12-09 07:33:23,1287.0,976.0
1979-12-10 07:35:53,1817.0,1607.0
1979-12-11 07:38:19,1311.0,1303.0
1979-12-12 07:40:35,893.0,638.0
1979-12-13 07:41:58,1498.0,883.0
1979-12-14 07:43:06,1072.0,971.0
1979-12-15 07:44:02,530.0,451.0
1979-12-16 07:44:49,1121.0,695.0
1979-12-17 07:45:30,717.0,508.0
1979-12-18 07:46:07,659.0,469.0
1979-12-19 07:46:36,1019.0,492.0
1979-12-20 07:46:11,612.0,492.0
1979-12-21 07:45:37,987.0,682.0
1979-12-22 07:44:54,1245.0,684.0
1979-12-23 07:44:06,641.0,493.0
1979-12-24 07:43:13,875.0,454.0
1979-12-25 07:42:18,412.0,475.0
1979-12-26 07:41:21,829.0,312.0
1979-12-27 07:40:22,1243.0,673.0
1979-12-28 07:39:09,1482.0,859.0
1979-12-29 07:36:41,550.0,488.0
1979-12-30 07:33:59,923.0,536.0
1979-12-31 07:31:10,682.0,585.0
1980-01-01 07:28:14,898.0,478.0
1980-01-02 07:25:16,1252.0,549.0
1980-01-03 07:22:14,1169.0,657.0
1980-01-04 07:18:59,1080.0,576.0
1980-01-05 07:14:31,605.0,416.0
1980-01-06 07:09:51,1248.0,735.0
1980-01-07 07:05:03,817.0,499.0
1980-01-08 07:00:10,1250.0,636.0
1980-01-09 06:55:07,1181.0,938.0
1980-01-09 06:55:07,1181.0,938.0
1980-01-10 07:01:16,1373.0,867.0
1980-01-11 07:07:15,368.0,366.0
1980-01-12 07:13:07,514.0,307.0
1980-01-13 07:18:54,433.0,350.0
1980-01-14 07:24:37,400.0,563.0
1980-01-16 07:35:47,439.0,406.0
1980-01-17 07:39:57,440.0,362.0
1980-01-18 07:43:55,407.0,387.0
1980-01-19 07:47:42,639.0,425.0
1980-01-20 07:51:24,545.0,316.0
1980-01-21 07:55:02,439.0,332.0
1980-01-22 07:58:36,674.0,350.0
1980-01-23 08:01:57,288.0,417.0
1980-01-24 08:03:53,768.0,379.0
1980-01-25 08:05:23,417.0,312.0
1980-01-26 08:06:38,618.0,331.0
1980-01-27 08:07:41,1151.0,912.0
1980-01-28 08:08:35,925.0,686.0
1980-01-29 08:09:21,1208.0,805.0
1980-01-30 08:09:54,1740.0,1646.0
1980-01-31 08:09:37,2937.0,2858.0
1980-02-01 08:09:01,731.0,410.0
1980-02-02 08:08:10,608.0,511.0
1980-02-03 08:07:09,618.0,475.0
1980-02-04 08:05:58,781.0,534.0
1980-02-05 08:04:40,625.0,388.0
1980-02-06 08:03:21,854.0,830.0
1980-02-07 08:08:13,452.0,312.0
1980-02-08 08:13:07,392.0,326.0
1980-02-09 08:17:55,649.0,517.0
1980-02-10 08:22:39,837.0,693.0
1980-02-11 08:27:19,636.0,559.0
1980-02-12 08:31:55,343.0,346.0
1980-02-13 08:36:27,0.0,365.0
1980-02-15 08:45:21,641.0,487.0
1980-02-16 08:49:43,756.0,462.0
1980-02-17 08:54:01,707.0,535.0
1980-02-18 08:58:15,675.0,519.0
1980-02-19 09:02:26,568.0,481.0
1980-02-20 09:06:34,689.0,549.0
1980-02-21 09:10:38,716.0,539.0
1980-02-22 09:14:38,1071.0,1215.0
1980-02-23 09:18:35,1424.0,1307.0
1980-02-24 09:22:27,734.0,852.0
1980-02-25 09:26:14,885.0,1037.0
1980-02-26 09:29:57,711.0,1028.0
1980-02-27 09:33:35,821.0,620.0
1980-02-28 09:37:08,596.0,772.0
1980-02-29 09:40:36,987.0,1144.0
1980-03-01 09:43:59,1494.0,1745.0
1980-03-02 09:47:15,800.0,871.0
1980-03-03 09:50:26,934.0,1287.0
1980-03-04 09:53:31,708.0,1074.0
1980-03-05 09:56:29,981.0,1333.0
1980-03-06 09:59:24,1380.0,1758.0
1980-03-07 10:02:08,509.0,1039.0
1980-03-08 10:04:49,1151.0,1218.0
1980-03-09 10:07:24,1208.0,1061.0
1980-03-10 10:09:53,796.0,932.0
1980-03-11 10:12:15,530.0,635.0
1980-03-12 10:14:32,725.0,743.0
1980-03-13 10:16:44,923.0,957.0
1980-03-14 10:18:50,618.0,766.0
1980-03-15 10:20:53,751.0,1561.0
1980-03-16 10:22:51,1048.0,975.0
1980-03-17 10:24:46,835.0,732.0
1980-03-18 10:26:38,0.0,1559.0
1980-03-19 10:28:28,893.0,705.0
1980-03-20 10:30:16,1002.0,1001.0
1980-03-21 10:32:04,1458.0,724.0
1980-03-22 10:33:50,1555.0,1272.0
1980-03-23 10:35:35,1235.0,1896.0
1980-03-24 10:37:19,1591.0,1531.0
1980-03-25 10:39:04,1346.0,1013.0
1980-03-26 10:40:47,1179.0,981.0
1980-03-27 10:42:31,808.0,1032.0
1980-03-28 10:44:14,1281.0,2534.0
1980-03-29 10:45:58,1109.0,1550.0
1980-03-30 10:47:42,1558.0,1340.0
1980-03-31 10:49:26,1029.0,1850.0
1980-04-01 10:51:10,1773.0,2273.0
1980-04-02 10:52:43,1073.0,793.0
1980-04-03 10:53:41,1484.0,1860.0
1980-04-04 10:54:37,1817.0,1224.0
1980-04-05 10:55:33,1377.0,855.0
1980-04-06 10:56:28,1339.0,1073.0
1980-04-07 10:57:24,881.0,878.0
1980-04-08 10:58:19,648.0,1442.0
1980-04-09 10:59:04,1737.0,1284.0
1980-04-10 10:59:05,1744.0,1565.0
1980-04-11 10:59:00,1350.0,2060.0
1980-04-12 10:58:53,1172.0,2834.0
1980-04-13 10:58:46,995.0,1871.0
1980-04-14 10:58:38,0.0,1661.0
1980-04-15 10:58:31,959.0,1551.0
1980-04-16 10:58:11,1007.0,1409.0
1980-04-17 10:56:58,1236.0,1249.0
1980-04-18 10:55:38,1755.0,2792.0
1980-04-19 10:54:17,1423.0,2344.0
1980-04-20 10:52:56,0.0,2433.0
1980-04-21 10:51:34,837.0,2126.0
1980-04-22 10:50:13,1103.0,1621.0
1980-04-23 10:48:38,1612.0,3487.0
1980-04-24 10:46:02,1508.0,1914.0
1980-04-25 10:43:25,1087.0,2403.0
1980-04-26 10:40:46,882.0,2604.0
1980-04-27 10:38:07,945.0,1568.0
1980-04-28 10:35:27,1082.0,3180.0
1980-04-29 10:32:47,1397.0,3677.0
1980-04-30 10:29:52,1644.0,3337.0
1980-05-01 10:26:04,959.0,862.0
1980-05-02 10:22:12,1742.0,1714.0
1980-05-03 10:18:18,1092.0,2121.0
1980-05-04 10:14:25,1393.0,2122.0
1980-05-05 10:10:31,903.0,2672.0
1980-05-07 10:02:30,1438.0,2242.0
1980-05-08 09:57:35,1411.0,1799.0
1980-05-09 09:52:39,1036.0,1636.0
1980-05-10 09:47:41,1067.0,2444.0
1980-05-11 09:42:43,1663.0,2288.0
1980-05-12 09:37:43,2090.0,1363.0
1980-05-13 09:32:43,1621.0,1865.0
1980-05-14 09:27:31,2117.0,2327.0
1980-05-15 09:28:45,2325.0,2125.0
1980-05-16 09:29:51,1999.0,2939.0
1980-05-17 09:30:55,1936.0,1376.0
1980-05-18 09:31:57,1193.0,2578.0
1980-05-19 09:32:57,1449.0,2617.0
1980-05-20 09:33:56,1095.0,3063.0
1980-05-21 09:34:52,959.0,3109.0
1980-05-22 09:41:10,1077.0,2594.0
1980-05-23 09:47:28,1393.0,2437.0
1980-05-25 10:00:00,1472.0,2893.0
1980-05-26 10:06:14,1135.0,3293.0
1980-05-27 10:12:28,2773.0,1282.0
1980-05-28 10:18:41,1918.0,2316.0
1980-05-29 10:24:53,1137.0,804.0
1980-05-30 10:31:05,1457.0,0.0
1980-05-31 10:37:15,1131.0,1456.0
1980-06-01 10:43:25,1375.0,1728.0
1980-06-02 10:49:34,1749.0,1460.0
1980-06-03 10:55:42,1357.0,1850.0
1980-06-04 11:01:50,1441.0,1582.0
1980-06-05 11:07:56,910.0,951.0
1980-06-06 11:14:02,1919.0,963.0
1980-06-07 11:20:07,1327.0,1347.0
1980-06-08 11:26:11,1444.0,1557.0
1980-06-09 11:32:14,1812.0,1401.0
1980-06-10 11:38:16,716.0,665.0
1980-06-11 11:44:18,1968.0,773.0
1980-06-12 11:50:19,2064.0,2506.0
1980-06-13 11:56:18,2522.0,1397.0
1980-06-14 12:02:17,1360.0,830.0
1980-06-15 12:08:15,2235.0,1683.0
1980-06-16 12:14:12,1712.0,0.0
1980-06-17 12:20:08,1103.0,1419.0
1980-06-18 12:26:03,944.0,1792.0
1980-06-19 12:31:57,838.0,1270.0
1980-06-20 12:37:50,1164.0,1995.0
1980-06-21 12:43:42,1239.0,1802.0
1980-06-22 12:49:34,1508.0,1245.0
1980-06-24 13:01:13,1039.0,1042.0
1980-06-25 13:07:00,1137.0,1501.0
1980-06-26 13:12:44,3332.0,2027.0
1980-06-27 13:18:26,1179.0,1136.0
1980-06-28 13:24:04,1740.0,1058.0
1980-06-29 13:29:38,1732.0,1076.0
1980-06-30 13:35:10,1502.0,0.0
1980-07-01 13:40:40,1114.0,957.0
1980-07-02 13:46:06,1406.0,896.0
1980-07-03 13:51:29,1131.0,803.0
1980-07-04 13:56:48,789.0,679.0
1980-07-05 14:02:01,412.0,494.0
1980-07-06 14:07:08,1107.0,832.0
1980-07-07 14:12:08,1896.0,921.0
1980-07-08 14:17:00,859.0,773.0
1980-07-09 14:21:42,1822.0,851.0
1980-07-10 14:26:13,1136.0,937.0
1980-07-11 14:30:33,1468.0,533.0
1980-07-12 14:34:44,1031.0,781.0
1980-07-13 14:38:43,1493.0,1201.0
1980-07-14 14:42:34,754.0,686.0
1980-07-15 14:46:15,1476.0,1403.0
1980-07-16 14:49:48,757.0,564.0
1980-07-17 14:53:15,999.0,897.0
1980-07-18 14:56:33,1277.0,1281.0
1980-07-19 14:59:46,1217.0,721.0
1980-07-20 15:02:53,1356.0,1469.0
1980-07-21 15:05:56,830.0,633.0
1980-07-22 15:08:54,1930.0,1486.0
1980-07-23 15:11:49,1462.0,1118.0
1980-07-24 15:14:40,1205.0,726.0
1980-07-26 15:20:17,1473.0,1108.0
1980-07-27 15:23:03,636.0,529.0
1980-07-28 15:25:49,437.0,441.0
1980-07-29 15:28:33,1359.0,1257.0
1980-07-30 15:31:16,1087.0,986.0
1980-07-31 15:33:59,1621.0,771.0
1980-08-01 15:36:43,784.0,758.0
1980-08-02 15:39:26,658.0,461.0
1980-08-03 15:42:09,1168.0,446.0
1980-08-04 15:44:53,1195.0,479.0
1980-08-05 15:47:37,823.0,379.0
1980-08-06 15:50:21,522.0,497.0
1980-08-07 15:53:06,853.0,473.0
1980-08-08 15:55:51,515.0,356.0
1980-08-09 15:58:37,947.0,516.0
1980-08-10 16:01:23,501.0,332.0
1980-08-11 16:04:09,592.0,380.0
1980-08-12 16:06:56,1013.0,662.0
1980-08-13 16:09:44,588.0,373.0
1980-08-14 16:12:32,385.0,313.0
1980-08-15 16:15:20,546.0,400.0
1980-08-16 16:18:09,918.0,656.0
1980-08-17 16:20:58,473.0,384.0
1980-08-18 16:23:47,999.0,537.0
1980-08-19 16:26:37,670.0,528.0
1980-08-20 16:29:28,815.0,533.0
1980-08-21 16:32:18,428.0,331.0
1980-08-22 16:35:09,535.0,382.0
1980-08-23 16:38:01,412.0,374.0
1980-08-24 16:40:52,0.0,327.0
1980-08-25 16:43:44,1049.0,589.0
1980-08-26 16:46:36,656.0,431.0
1980-08-27 16:49:28,347.0,358.0
1980-08-28 16:52:20,377.0,0.0
1980-08-29 16:55:13,454.0,370.0
1980-08-30 16:58:05,668.0,465.0
1980-08-31 17:00:58,0.0,361.0
1980-09-01 17:03:51,556.0,376.0
1980-09-04 17:12:29,343.0,328.0
1980-09-05 17:15:22,372.0,351.0
1980-09-06 17:18:14,480.0,347.0
1980-09-08 17:23:58,382.0,339.0
1980-09-09 17:26:50,581.0,369.0
1980-09-10 17:29:41,355.0,363.0
1980-09-15 17:43:53,546.0,595.0
1980-09-16 17:46:42,395.0,424.0
1980-09-17 17:49:31,371.0,355.0
1980-09-18 17:52:19,394.0,379.0
1980-09-19 17:55:07,382.0,478.0
1980-09-20 17:57:54,498.0,360.0
1980-09-21 18:00:40,0.0,373.0
1980-09-22 18:03:26,859.0,607.0
1980-09-23 18:06:12,600.0,383.0
1980-09-24 18:08:57,439.0,360.0
1980-09-25 18:11:41,544.0,529.0
1980-09-26 18:14:25,679.0,570.0
1980-09-27 18:17:08,740.0,881.0
1980-09-28 18:19:50,0.0,401.0
1980-09-29 18:22:32,424.0,378.0
1980-10-01 18:27:53,557.0,623.0
1980-10-02 18:30:33,552.0,513.0
1980-10-03 18:33:13,495.0,367.0
1980-10-04 18:35:51,1328.0,1116.0
1980-10-05 18:38:29,1008.0,635.0
1980-10-06 18:41:07,817.0,698.0
1980-10-07 18:43:44,758.0,0.0
1980-10-08 18:46:20,378.0,377.0
1980-10-09 18:48:56,0.0,935.0
1980-10-11 18:54:06,588.0,472.0
1980-10-12 18:56:41,0.0,658.0
1980-10-13 18:59:15,637.0,697.0
1980-10-16 19:06:54,859.0,921.0
1980-10-18 19:11:58,821.0,1032.0
1980-10-19 19:14:30,1423.0,1330.0
1980-10-21 19:19:33,1284.0,1280.0
1980-10-22 19:22:04,503.0,471.0
1980-10-25 19:29:37,769.0,1089.0
1980-10-27 19:34:39,665.0,1056.0
1980-10-28 19:37:09,1121.0,821.0
1980-10-29 19:39:40,1293.0,1041.0
1980-10-30 19:42:11,0.0,987.0
1980-10-31 19:44:42,1261.0,0.0
1980-11-01 19:47:14,1232.0,870.0
1980-11-02 19:49:45,1240.0,0.0
1980-11-03 19:52:17,1612.0,0.0
1980-11-04 19:54:49,1323.0,0.0
1980-11-05 19:57:21,443.0,436.0
1980-11-06 19:59:54,1279.0,949.0
1980-11-07 20:02:27,670.0,1185.0
1980-11-08 20:05:00,1037.0,1512.0
1980-11-09 20:07:34,0.0,1115.0
1980-11-10 20:10:08,355.0,657.0
1980-11-14 20:20:30,710.0,0.0
1980-11-15 20:23:07,1333.0,1681.0
1980-11-16 20:25:44,2863.0,1216.0
1980-11-17 20:28:22,1582.0,858.0
1980-11-18 20:31:01,1535.0,1033.0
1980-11-19 20:33:40,485.0,1246.0
1980-11-20 20:36:20,0.0,513.0
1980-11-24 20:47:04,543.0,0.0
1980-11-25 20:49:47,541.0,2974.0
1980-11-26 20:52:31,636.0,1700.0
1980-11-27 20:55:14,1113.0,1451.0
1980-11-29 21:00:44,726.0,0.0
1980-12-01 21:06:16,1424.0,2066.0
1980-12-02 21:09:03,836.0,1124.0
1980-12-03 21:11:50,535.0,1945.0
1980-12-04 21:14:38,471.0,1678.0
1980-12-05 21:17:26,739.0,2001.0
1980-12-06 21:20:15,924.0,1833.0
1980-12-07 21:23:04,1583.0,3076.0
1980-12-08 21:25:53,944.0,2288.0
1980-12-10 21:31:33,929.0,631.0
1980-12-11 21:34:24,1297.0,1422.0
1980-12-12 21:37:14,1753.0,2692.0
1980-12-13 21:40:05,657.0,2133.0
1980-12-14 21:42:56,1679.0,1810.0
1980-12-15 21:45:48,0.0,2696.0
1980-12-16 21:48:39,925.0,1920.0
1980-12-17 21:51:31,1656.0,2057.0
1980-12-18 21:54:23,2029.0,1893.0
1980-12-19 21:57:14,2560.0,2038.0
1980-12-20 22:00:06,1986.0,2070.0
1980-12-21 22:02:58,506.0,1505.0
1980-12-22 22:05:50,2419.0,1783.0
1980-12-23 22:08:41,1278.0,2461.0
1980-12-24 22:11:33,1026.0,2794.0
1980-12-25 22:14:24,1806.0,0.0
1980-12-26 22:17:16,973.0,2438.0
1980-12-27 22:20:07,1750.0,2822.0
1980-12-28 22:22:58,2036.0,0.0
1980-12-29 22:25:48,1097.0,1657.0
1980-12-30 22:28:38,1572.0,1167.0
1980-12-31 22:31:28,1608.0,2082.0
1981-01-01 22:34:18,1629.0,2046.0
1981-01-02 22:37:07,1183.0,2256.0
1981-01-03 22:39:56,1673.0,1679.0
1981-01-04 22:42:44,0.0,2931.0
1981-01-05 22:45:32,1141.0,1494.0
1981-01-06 22:48:20,770.0,2115.0
1981-01-07 22:51:07,1591.0,2018.0
1981-01-08 22:53:54,593.0,1125.0
1981-01-10 22:59:25,1833.0,1281.0
1981-01-11 23:02:10,2548.0,1941.0
1981-01-12 23:04:54,1472.0,1327.0
1981-01-13 23:07:38,2774.0,0.0
1981-01-14 23:10:21,2516.0,1937.0
1981-01-15 23:13:04,1875.0,0.0
1981-01-16 23:15:46,1313.0,914.0
1981-01-17 23:18:27,1278.0,1950.0
1981-01-18 23:21:08,2644.0,2852.0
1981-01-19 23:23:48,2054.0,1603.0
1981-01-20 23:26:28,1363.0,736.0
1981-01-21 23:29:07,754.0,1282.0
1981-01-22 23:31:45,945.0,912.0
1981-01-23 23:34:23,1388.0,1576.0
1981-01-24 23:37:01,667.0,1214.0
1981-01-26 23:42:14,885.0,536.0
1981-01-27 23:44:50,1768.0,1346.0
1981-01-28 23:47:25,2744.0,537.0
1981-01-29 23:50:00,1334.0,588.0
1981-01-30 23:52:34,1942.0,1043.0
1981-01-31 23:55:08,642.0,929.0
1981-02-01 23:57:41,1027.0,1543.0
1981-02-03 00:00:15,1963.0,1157.0
1981-02-04 00:02:47,1433.0,1810.0
1981-02-05 00:05:19,985.0,770.0
1981-02-06 00:07:08,1262.0,1021.0
1981-02-07 00:08:21,1406.0,820.0
1981-02-08 00:09:28,800.0,1029.0
1981-02-09 00:10:38,0.0,909.0
1981-02-10 00:11:47,784.0,783.0
1981-02-11 00:12:56,1812.0,1210.0
1981-02-12 00:14:05,543.0,551.0
1981-02-13 00:15:14,1888.0,967.0
1981-02-14 00:16:23,1326.0,1200.0
1981-02-15 00:17:31,1691.0,1779.0
1981-02-16 00:18:40,914.0,800.0
1981-02-17 00:19:49,1493.0,1074.0
1981-02-18 00:20:58,1380.0,848.0
1981-02-19 00:22:06,1308.0,0.0
1981-02-20 00:23:15,0.0,729.0
1981-02-21 00:24:24,942.0,1223.0
1981-02-22 00:25:34,2520.0,1790.0
1981-02-23 00:26:43,972.0,879.0
1981-02-24 00:27:53,742.0,721.0
1981-02-25 00:29:03,1108.0,922.0
1981-02-26 00:30:13,1124.0,997.0
1981-02-27 00:31:24,905.0,811.0
1981-02-28 00:32:35,825.0,674.0
1981-03-01 00:33:47,0.0,556.0
1981-03-02 00:34:58,752.0,599.0
1981-03-03 00:36:11,1351.0,1187.0
1981-03-04 00:37:23,1445.0,945.0
1981-03-05 00:38:37,935.0,722.0
1981-03-07 00:41:05,676.0,583.0
1981-03-08 00:42:20,1200.0,906.0
1981-03-11 00:46:07,666.0,683.0
1981-03-12 00:47:24,1018.0,577.0
1981-03-14 00:50:00,742.0,0.0
1981-03-16 00:52:36,1952.0,1422.0
1981-05-08 02:08:24,729.0,802.0
1981-05-09 02:08:22,826.0,782.0
1981-05-17 02:07:40,714.0,761.0
1981-05-18 02:07:32,822.0,718.0
1981-05-25 02:06:20,1005.0,1086.0
1981-05-26 02:06:08,760.0,804.0
1981-05-30 02:05:17,854.0,1154.0
1981-05-31 02:05:03,1130.0,1694.0
1981-06-02 02:04:35,1397.0,1239.0
1981-06-03 02:04:20,1076.0,1041.0
1981-06-04 02:04:06,1232.0,1284.0
1981-06-05 02:03:51,905.0,960.0
1981-06-07 02:03:21,1191.0,1619.0
1981-06-08 02:03:06,923.0,802.0
1981-06-09 02:02:51,1483.0,1097.0
1981-06-10 02:02:36,1855.0,1366.0
1981-06-11 02:02:21,1361.0,1099.0
1981-06-12 02:02:06,944.0,1825.0
1981-06-13 02:01:51,737.0,891.0
1981-06-14 02:01:37,1018.0,1564.0
1981-06-15 02:01:22,782.0,1057.0
1981-06-16 02:01:08,1028.0,893.0
1981-06-17 02:00:54,1209.0,705.0
1981-06-18 02:00:41,732.0,756.0
1981-06-20 02:00:15,711.0,751.0
1981-06-21 02:00:02,1017.0,1453.0
1981-06-22 01:59:50,1098.0,1487.0
1981-06-23 01:59:38,799.0,1028.0
1981-06-24 01:59:27,1304.0,1169.0
1981-06-25 01:59:16,1388.0,1295.0
1981-06-26 01:59:06,719.0,1647.0
1981-06-27 01:58:56,763.0,1268.0
1981-06-28 01:58:47,724.0,725.0
1981-06-29 01:58:39,932.0,1938.0
1981-06-30 01:58:30,784.0,923.0
1981-07-01 01:58:22,937.0,1073.0
1981-07-02 01:58:15,1178.0,900.0
1981-07-03 01:58:09,1637.0,1301.0
1981-07-04 01:58:03,1324.0,2122.0
1981-07-05 01:57:58,1230.0,1200.0
1981-07-07 01:57:49,1520.0,757.0
1981-07-08 01:57:46,1462.0,1488.0
1981-07-09 01:57:43,0.0,2175.0
1981-07-10 01:57:41,1203.0,1224.0
1981-07-11 01:57:40,794.0,2029.0
1981-07-12 01:57:39,902.0,1486.0
1981-07-13 01:57:38,878.0,1671.0
1981-07-14 01:57:38,1284.0,1996.0
1981-07-15 01:57:39,1391.0,2270.0
1981-07-16 01:57:40,906.0,2879.0
1981-07-17 01:57:42,1968.0,3476.0
1981-07-18 01:57:44,1567.0,3070.0
1981-07-19 01:57:47,0.0,2178.0
1981-07-20 01:57:50,1787.0,2106.0
1981-07-21 01:57:54,1204.0,2043.0
1981-07-22 01:57:57,1189.0,4028.0
1981-07-23 01:58:02,1392.0,2935.0
1981-07-24 01:58:07,1630.0,1547.0
1981-07-25 01:58:12,1131.0,2049.0
1981-07-26 01:58:17,1194.0,2162.0
1981-07-27 01:58:23,1625.0,2405.0
1981-07-28 01:58:28,1943.0,3238.0
1981-07-29 01:58:34,1393.0,2458.0
1981-07-30 01:58:40,1894.0,1510.0
1981-07-31 01:58:46,1560.0,1976.0
1981-08-01 01:58:53,1503.0,2875.0
1981-08-02 01:58:59,2728.0,2706.0
1981-08-03 01:59:05,1771.0,2711.0
1981-08-04 01:59:12,2213.0,2051.0
1981-08-05 01:59:18,1654.0,2226.0
1981-08-06 01:59:24,1467.0,2770.0
1981-08-07 01:59:30,889.0,2464.0
1981-08-08 01:59:36,1551.0,1803.0
1981-08-09 01:59:42,1250.0,2496.0
1981-08-10 01:59:47,0.0,1822.0
1981-08-11 01:59:52,0.0,2697.0
1981-08-12 01:59:57,1930.0,2611.0
1981-08-13 02:00:02,0.0,2083.0
1981-08-14 02:00:06,1002.0,1495.0
1981-08-15 02:00:10,1759.0,1890.0
1981-08-16 02:00:13,1659.0,1104.0
1981-08-17 02:00:17,1606.0,1931.0
1981-08-18 02:00:19,1972.0,2161.0
1981-08-20 02:00:23,1226.0,2191.0
1981-08-21 02:00:24,1193.0,2072.0
1981-08-22 02:00:25,1000.0,1411.0
1981-08-23 02:00:25,1001.0,1411.0
1981-08-24 02:00:25,918.0,2124.0
1981-08-25 02:00:24,2122.0,0.0
1981-08-28 02:00:19,2745.0,2329.0
1981-08-29 02:00:13,1627.0,2225.0
1981-08-30 02:00:08,1238.0,0.0
1981-08-31 02:00:03,1583.0,0.0
1981-09-01 01:59:57,2281.0,1127.0
1981-09-02 01:59:51,1424.0,932.0
1981-09-03 01:59:44,2812.0,1891.0
1981-09-04 01:59:36,1251.0,1555.0
1981-09-05 01:59:28,1147.0,1915.0
1981-09-06 01:59:19,1522.0,2188.0
1981-09-07 01:59:10,1116.0,1987.0
1981-09-08 01:59:00,1749.0,0.0
1981-09-09 01:58:50,1547.0,1259.0
1981-09-11 01:58:28,2609.0,1573.0
1981-09-12 01:58:16,1908.0,1601.0
1981-09-13 01:58:04,1432.0,2172.0
1981-09-14 01:57:52,1913.0,1765.0
1981-09-15 01:57:39,917.0,1109.0
1981-09-16 01:57:25,1148.0,1232.0
1981-09-17 01:57:11,1462.0,1312.0
1981-09-18 01:56:57,2133.0,1326.0
1981-09-19 01:56:43,1315.0,0.0
1981-09-20 01:56:28,2276.0,0.0
1981-09-22 01:55:58,1549.0,2273.0
1981-09-23 01:55:43,0.0,1061.0
1981-09-24 01:55:28,1546.0,870.0
1981-09-25 01:55:12,1023.0,903.0
1981-09-26 01:54:57,1924.0,1593.0
1981-09-27 01:54:41,979.0,1039.0
1981-09-28 01:54:26,969.0,965.0
1981-09-30 01:53:55,1525.0,1251.0
1981-10-01 01:53:40,960.0,0.0
1981-10-02 01:53:25,883.0,876.0
1981-10-04 01:52:55,870.0,870.0
1981-10-07 01:52:11,1181.0,1180.0
1981-10-10 01:51:31,1154.0,1025.0
1981-10-17 01:50:08,1119.0,1166.0
1981-10-18 01:49:59,1966.0,1007.0
1981-10-21 01:49:32,973.0,1025.0
1981-11-05 01:48:38,968.0,952.0
1981-12-15 01:51:27,1114.0,1081.0
1982-01-03 01:49:36,1217.0,1066.0
1982-01-18 01:46:08,1063.0,1525.0
1982-01-27 01:43:52,1251.0,1308.0
1982-01-28 01:43:38,1045.0,1894.0
1982-01-30 01:43:11,1203.0,1568.0
1982-02-02 01:42:33,1206.0,3211.0
1982-02-04 01:42:10,1242.0,1237.0
1982-02-05 01:41:59,1085.0,1258.0
1982-02-06 01:41:49,1268.0,2658.0
1982-02-07 01:41:39,1319.0,1562.0
1982-02-09 01:41:21,1561.0,1148.0
1982-02-10 01:41:13,1227.0,1111.0
1982-02-12 01:40:58,1772.0,2233.0
1982-02-13 01:40:52,1413.0,1278.0
1982-02-14 01:40:46,1733.0,1653.0
1982-02-15 01:40:41,1461.0,0.0
1982-02-16 01:40:36,1322.0,2295.0
1982-02-19 01:40:26,1326.0,1332.0
1982-02-21 01:40:23,1364.0,1587.0
1982-02-22 01:40:22,1111.0,1247.0
1982-02-24 01:40:21,1303.0,2023.0
1982-02-25 01:40:22,1382.0,2364.0
1982-02-27 01:40:25,1299.0,3220.0
1982-02-28 01:40:27,1489.0,1974.0
1982-03-01 01:40:30,2191.0,3944.0
1982-03-02 01:40:33,1975.0,2857.0
1982-03-03 01:40:36,2482.0,2894.0
1982-03-04 01:40:39,1910.0,1843.0
1982-03-05 01:40:43,1532.0,2399.0
1982-03-06 01:40:47,1927.0,2932.0
1982-03-07 01:40:52,1856.0,2473.0
1982-03-08 01:40:56,1888.0,2501.0
1982-03-09 01:41:01,1375.0,2488.0
1982-03-10 01:41:06,2215.0,3049.0
1982-03-11 01:41:11,1688.0,3150.0
1982-03-12 01:41:17,2064.0,2628.0
1982-03-13 01:41:22,1590.0,2294.0
1982-03-14 01:41:27,2008.0,2439.0
1982-03-16 01:41:39,2143.0,2118.0
1982-03-17 01:41:44,1739.0,2641.0
1982-03-18 01:41:50,1327.0,3535.0
1982-03-19 01:41:55,1291.0,2256.0
1982-03-20 01:42:00,1552.0,2016.0
1982-03-21 01:42:05,1191.0,3300.0
1982-03-22 01:42:10,2376.0,2258.0
1982-03-23 01:42:15,1931.0,0.0
1982-03-25 01:42:23,1330.0,2233.0
1982-03-26 01:42:27,1745.0,3263.0
1982-03-27 01:42:30,1649.0,2122.0
1982-03-28 01:42:33,2434.0,1745.0
1982-03-29 01:42:36,2019.0,2661.0
1982-03-30 01:42:38,2160.0,3213.0
1982-04-02 01:42:42,1255.0,2230.0
1982-04-03 01:42:42,3024.0,1938.0
1982-04-04 01:42:42,2576.0,1789.0
1982-04-05 01:42:41,1861.0,1675.0
1982-04-06 01:42:40,1654.0,1649.0
1982-04-07 01:42:38,2534.0,1627.0
1982-04-08 01:42:36,2415.0,2288.0
1982-04-09 01:42:33,1425.0,1289.0
1982-04-10 01:42:29,1611.0,1274.0
1982-04-11 01:42:25,2143.0,1790.0
1982-04-12 01:42:20,1486.0,1447.0
1982-04-13 01:42:15,2459.0,1378.0
1982-04-14 01:42:09,1711.0,1246.0
1982-04-15 01:42:02,1844.0,1217.0
1982-04-16 01:41:55,1250.0,1542.0
1982-04-17 01:41:48,1390.0,2165.0
1982-04-18 01:41:39,1545.0,1237.0
1982-04-22 01:41:01,1248.0,1196.0
1982-04-24 01:40:38,1245.0,1406.0
1982-04-25 01:40:26,1218.0,1704.0
1982-05-01 01:39:07,1409.0,1235.0
1982-05-04 01:38:22,1937.0,1296.0
1982-05-05 01:38:07,1189.0,1246.0
1982-05-06 01:37:52,1440.0,1201.0
1982-05-10 01:36:49,1689.0,1195.0
1982-05-11 01:36:33,1526.0,1591.0
1982-05-16 01:35:16,1419.0,1207.0
1982-05-22 01:33:48,1191.0,1193.0
1982-09-03 01:26:50,1331.0,1523.0
1982-09-05 01:26:19,1372.0,1611.0
1982-09-09 01:25:18,1791.0,1359.0
1982-09-12 01:24:35,1349.0,1373.0
1982-09-18 01:23:18,1488.0,1782.0
1982-09-25 01:22:14,1371.0,1502.0
1982-09-28 01:21:55,1847.0,0.0
1982-09-29 01:21:50,1375.0,0.0
1982-10-04 01:21:33,2368.0,2311.0
1982-10-05 01:21:32,1545.0,0.0
1982-10-08 01:21:30,2257.0,1967.0
1982-10-09 01:21:31,1511.0,2391.0
1982-10-10 01:21:32,1826.0,0.0
1982-10-11 01:21:34,1456.0,2373.0
1982-10-13 01:21:38,1873.0,0.0
1982-10-14 01:21:41,0.0,2496.0
1982-10-15 01:21:44,1646.0,3532.0
1982-10-18 01:21:56,2742.0,0.0
1982-10-19 01:22:00,1663.0,3248.0
1982-11-22 01:23:17,1808.0,1736.0
1982-11-29 01:22:28,1485.0,1678.0
1982-11-30 01:22:19,1701.0,1737.0
1982-12-03 01:21:48,1722.0,1822.0
1982-12-04 01:21:37,2043.0,1628.0
1982-12-07 01:21:00,2215.0,1681.0
1982-12-08 01:20:47,1750.0,0.0
1982-12-11 01:20:05,1625.0,1560.0
1982-12-12 01:19:50,1599.0,2026.0
1982-12-18 01:18:21,1865.0,1758.0
1982-12-20 01:17:49,2184.0,1537.0
1982-12-26 01:16:15,1524.0,1476.0
1983-04-23 01:03:38,1615.0,1590.0
1983-04-24 01:03:23,1992.0,2149.0
1983-04-25 01:03:08,1622.0,1778.0
1983-04-29 01:02:12,1872.0,2366.0
1983-04-30 01:01:59,1632.0,2767.0
1983-05-01 01:01:47,1603.0,2342.0
1983-05-04 01:01:13,1643.0,2013.0
1983-05-07 01:00:44,1704.0,2523.0
1983-05-09 01:00:28,2022.0,2579.0
1983-05-10 01:00:21,0.0,1893.0
1983-05-11 01:00:15,1640.0,1947.0
1983-05-15 00:59:55,1674.0,1649.0
1983-05-17 00:59:49,0.0,2032.0
1983-05-18 00:59:46,2315.0,2437.0
1983-05-19 00:59:44,1801.0,2038.0
1983-05-21 00:59:43,1777.0,2042.0
1983-05-22 00:59:43,2038.0,2326.0
1983-05-23 00:59:43,1877.0,1690.0
1983-05-25 00:59:45,1886.0,2403.0
1983-05-26 00:59:47,1914.0,2424.0
1983-05-27 00:59:49,1680.0,0.0
1983-05-28 00:59:51,1817.0,2118.0
1983-05-29 00:59:54,2066.0,2296.0
1983-05-30 00:59:57,2022.0,3036.0
1983-05-31 01:00:00,2105.0,3260.0
1983-06-01 01:00:03,2177.0,0.0
1983-06-02 01:00:07,1876.0,3091.0
1983-06-03 01:00:10,2127.0,0.0
1983-06-05 01:00:18,2510.0,3131.0
1983-06-06 01:00:22,2602.0,1813.0
1983-06-07 01:00:27,2362.0,1967.0
1983-06-08 01:00:31,2056.0,2108.0
1983-06-09 01:00:35,2087.0,2952.0
1983-06-10 01:00:39,2595.0,3066.0
1983-06-11 01:00:43,2445.0,2893.0
1983-06-12 01:00:47,1727.0,0.0
1983-06-13 01:00:51,2115.0,2164.0
1983-06-14 01:00:54,1821.0,2116.0
1983-06-15 01:00:58,1918.0,2499.0
1983-06-16 01:01:01,2180.0,1727.0
1983-06-17 01:01:04,2383.0,2374.0
1983-06-19 01:01:08,1940.0,2138.0
1983-06-20 01:01:10,2689.0,0.0
1983-06-21 01:01:11,2535.0,2771.0
1983-06-23 01:01:13,2010.0,2046.0
1983-06-24 01:01:13,1995.0,2363.0
1983-06-25 01:01:12,2217.0,2358.0
1983-06-26 01:01:12,2190.0,2032.0
1983-06-27 01:01:10,2715.0,2251.0
1983-06-28 01:01:08,1902.0,2624.0
1983-06-29 01:01:06,2060.0,0.0
1983-06-30 01:01:03,2165.0,2530.0
1983-07-01 01:00:58,1901.0,2068.0
1983-07-02 01:00:54,1834.0,2790.0
1983-07-04 01:00:44,2398.0,1847.0
1983-07-05 01:00:38,0.0,1794.0
1983-07-06 01:00:31,2588.0,1762.0
1983-07-07 01:00:24,0.0,2040.0
1983-07-11 00:59:49,1842.0,2047.0
1983-07-13 00:59:29,2486.0,1972.0
1983-07-14 00:59:17,1764.0,1723.0
1983-07-15 00:59:06,2668.0,1853.0
1983-07-16 00:58:54,2529.0,1989.0
1983-12-30 00:31:21,2384.0,0.0
1983-12-31 00:31:18,1925.0,2114.0
1984-01-03 00:31:11,2538.0,1950.0
1984-01-04 00:31:10,2132.0,2227.0
1984-01-08 00:31:09,2403.0,0.0
1984-01-10 00:31:11,1943.0,0.0
1984-01-11 00:31:13,2003.0,2583.0
1984-01-12 00:31:14,2108.0,3018.0
1984-01-13 00:31:16,2134.0,2877.0
1984-01-14 00:31:18,2725.0,2592.0
1984-01-15 00:31:20,2755.0,0.0
1984-01-16 00:31:22,2573.0,2390.0
1984-01-17 00:31:24,0.0,2838.0
1984-01-18 00:31:26,2290.0,0.0
1984-01-19 00:31:28,2657.0,2122.0
1984-01-20 00:31:31,2279.0,1954.0
1984-01-21 00:31:33,2973.0,2299.0
1984-01-22 00:31:35,2200.0,2469.0
1984-01-23 00:31:37,2586.0,2473.0
1984-01-24 00:31:38,2409.0,2059.0
1984-01-25 00:31:40,2283.0,2703.0
1984-01-26 00:31:41,2179.0,2263.0
1984-01-27 00:31:52,2054.0,2505.0
1984-01-28 00:31:53,2100.0,2723.0
1984-01-29 00:31:54,1969.0,2998.0
1984-01-30 00:31:55,2370.0,2725.0
1984-01-31 00:31:56,2730.0,2748.0
1984-02-01 00:31:56,2610.0,2165.0
1984-02-02 00:31:55,2505.0,0.0
1984-02-03 00:31:55,1941.0,2327.0
1984-02-04 00:31:53,2384.0,2450.0
1984-02-05 00:31:52,2149.0,2556.0
1984-02-06 00:31:49,2413.0,2116.0
1984-02-07 00:31:47,2568.0,2617.0
1984-02-08 00:31:43,2662.0,2502.0
1984-02-09 00:31:39,2646.0,2444.0
1984-02-10 00:31:35,2198.0,1947.0
1984-02-11 00:31:30,2609.0,2331.0
1984-02-12 00:31:25,2511.0,2278.0
1984-02-13 00:31:18,2451.0,2204.0
1984-02-14 00:31:12,2978.0,1991.0
1984-02-15 00:31:04,2354.0,2121.0
1984-02-16 00:30:56,2030.0,2175.0
1984-02-17 00:30:46,2217.0,2011.0
1984-02-18 00:30:36,2141.0,1961.0
1984-02-19 00:30:26,2040.0,1928.0
1984-02-22 00:29:53,2099.0,1919.0
1984-02-27 00:28:46,1913.0,1975.0
1984-06-01 00:06:46,2007.0,2007.0
1985-07-22 22:46:54,0.0,5761.0
1986-01-31 23:22:13,0.0,3325.0
1986-06-01 23:23:15,2356.0,2267.0
1986-06-29 23:27:51,0.0,3173.0
1986-06-30 23:28:21,2423.0,2379.0
1986-07-02 23:28:54,0.0,3448.0
1986-07-03 23:29:11,0.0,3144.0
1986-07-04 23:29:28,2772.0,3500.0
1986-07-05 23:29:45,2834.0,3046.0
1986-07-06 23:30:02,2408.0,2582.0
1986-07-07 23:30:19,3122.0,3031.0
1986-07-08 23:30:36,2904.0,3044.0
1986-07-09 23:30:52,2622.0,2880.0
1986-07-11 23:31:25,2405.0,2714.0
1986-07-14 23:32:11,2694.0,2710.0
1986-07-15 23:32:26,2556.0,2882.0
1986-07-16 23:32:41,2937.0,2865.0
1986-07-17 23:32:57,2301.0,2885.0
1986-07-18 23:33:13,2483.0,2372.0
1986-07-20 23:33:45,2668.0,2319.0
1986-07-23 23:34:30,2922.0,2520.0
1986-07-24 23:34:43,3000.0,2297.0
1986-07-25 23:34:54,3275.0,2356.0
1986-07-26 23:35:05,2859.0,2339.0
1986-07-27 23:35:16,2797.0,0.0
1986-07-28 23:35:26,2910.0,2321.0
1986-07-29 23:35:36,2843.0,2320.0
1986-08-01 23:36:00,2580.0,2289.0
1987-01-27 23:57:17,2591.0,3258.0
1987-01-28 23:57:34,2315.0,2936.0
1987-02-04 23:59:45,2909.0,2529.0
1987-02-07 00:00:26,2313.0,2727.0
1987-02-08 00:00:47,2535.0,3352.0
1987-02-09 00:01:08,2653.0,3048.0
1987-02-13 00:02:33,2764.0,2846.0
1987-02-15 00:03:16,3069.0,2500.0
1987-02-17 00:03:59,3154.0,2360.0
1987-02-18 00:04:20,2622.0,3463.0
1987-02-19 00:04:41,2557.0,0.0
1987-02-20 00:05:02,0.0,3161.0
1987-02-22 00:05:44,3356.0,2606.0
1987-02-23 00:06:04,3413.0,2641.0
1987-02-24 00:06:24,3402.0,3021.0
1987-02-26 00:07:03,2935.0,2632.0
1987-02-28 00:07:41,3067.0,2774.0
1987-03-01 00:07:59,2699.0,0.0
1987-03-02 00:08:17,3243.0,2576.0
1987-03-04 00:08:51,2546.0,2642.0
1987-03-05 00:09:07,3261.0,2714.0
1987-03-06 00:09:23,2382.0,2775.0
1987-03-07 00:09:38,2880.0,2329.0
1987-03-08 00:09:53,2854.0,2638.0
1987-03-09 00:10:07,0.0,2618.0
1987-03-10 00:10:21,2955.0,2600.0
1987-03-11 00:10:34,2754.0,2256.0
1987-03-12 00:10:46,3291.0,2539.0
1987-03-13 00:10:58,2935.0,2428.0
1987-07-30 00:55:19,3332.0,0.0
1987-09-11 01:06:14,2884.0,3209.0
1987-09-12 01:06:43,2925.0,3157.0
1987-09-13 01:07:11,0.0,3170.0
1987-09-14 01:07:40,2578.0,3062.0
1987-09-16 01:08:38,0.0,2559.0
1987-09-18 01:09:38,3220.0,2258.0
1987-09-19 01:10:08,3211.0,3259.0
1987-09-20 01:10:39,3678.0,2563.0
1987-09-21 01:11:10,2730.0,3052.0
1987-09-22 01:11:41,2525.0,2875.0
1987-09-23 01:12:12,3278.0,3184.0
1987-09-24 01:12:43,2631.0,3056.0
1987-09-26 01:13:46,2381.0,2850.0
1987-09-27 01:14:18,3453.0,2411.0
1987-09-28 01:14:49,3303.0,2236.0
1987-09-29 01:15:33,2662.0,2896.0
1987-09-30 01:16:06,3402.0,2491.0
1987-10-01 01:16:38,2687.0,3246.0
1987-10-02 01:17:11,2353.0,2524.0
1987-10-03 01:17:43,3855.0,2304.0
1987-10-04 01:18:16,3380.0,2570.0
1987-10-06 01:19:22,3203.0,3223.0
1987-10-07 01:19:54,3391.0,2480.0
1987-10-09 01:20:57,2225.0,2743.0
1987-10-10 01:21:27,2904.0,2799.0
1987-10-11 01:21:57,2362.0,2665.0
1987-10-12 01:22:27,2667.0,2574.0
1987-10-14 01:23:26,2297.0,2692.0
1987-10-15 01:23:55,2962.0,2762.0
1987-10-16 01:24:23,2202.0,2202.0
1987-10-18 01:25:17,2806.0,2982.0
1987-10-19 01:25:44,2868.0,2742.0
1987-10-20 01:26:05,2557.0,2664.0
1987-10-21 01:26:29,0.0,2430.0
1987-10-22 01:26:53,0.0,2343.0
1987-10-23 01:27:17,2375.0,2238.0
1987-10-24 01:27:40,0.0,2786.0
1987-10-25 01:28:02,2596.0,2313.0
1988-04-09 02:12:20,3020.0,2359.0
1988-04-10 02:12:35,2568.0,2723.0
1988-04-11 02:12:51,0.0,2407.0
1988-04-12 02:13:08,2145.0,2385.0
1988-04-13 02:13:25,2362.0,2349.0
1988-04-15 02:14:01,2684.0,2263.0
1988-04-16 02:14:20,2880.0,2161.0
1988-04-17 02:14:40,2843.0,2372.0
1988-04-18 02:15:00,2314.0,2260.0
1988-04-19 02:15:21,2439.0,2123.0
1988-04-21 02:16:04,2326.0,2195.0
1988-04-22 02:16:26,2434.0,2466.0
1988-04-23 02:16:49,2430.0,2158.0
1988-04-24 02:17:12,2152.0,2813.0
1988-04-25 02:17:36,2811.0,2198.0
1988-04-27 02:18:25,2503.0,2278.0
1988-04-28 02:18:50,2522.0,2847.0
1988-04-29 02:19:15,2725.0,2888.0
1988-05-01 02:20:06,2294.0,2913.0
1988-05-02 02:20:32,3077.0,2568.0
1988-05-03 02:20:59,2460.0,3031.0
1988-05-04 02:21:25,2280.0,2848.0
1988-05-05 02:21:52,3348.0,2666.0
1988-05-06 02:22:19,3040.0,2567.0
1988-05-07 02:22:46,2474.0,2941.0
1988-05-09 02:23:39,3347.0,2714.0
1988-05-10 02:24:06,3122.0,2740.0
1988-05-11 02:24:33,2707.0,3015.0
1988-05-12 02:25:00,3382.0,2919.0
1988-05-13 02:25:26,2987.0,3501.0
1988-05-14 02:25:53,3010.0,2750.0
1988-05-15 02:26:19,2726.0,2916.0
1988-05-16 02:26:45,2710.0,2206.0
1988-05-17 02:27:08,2295.0,2797.0
1988-05-18 02:27:33,2396.0,2972.0
1988-05-21 02:28:45,3137.0,2237.0
1988-05-23 02:29:32,3247.0,2475.0
1988-05-24 02:29:54,2632.0,2185.0
1988-05-25 02:30:16,3123.0,2853.0
1988-05-26 02:30:38,3617.0,3419.0
1988-05-27 02:30:59,2583.0,2438.0
1988-05-28 02:31:19,2456.0,2654.0
1988-05-29 02:31:39,2586.0,2331.0
1988-05-30 02:31:59,3331.0,2427.0
1988-05-31 02:32:18,4225.0,3552.0
1988-06-01 02:32:36,3161.0,2146.0
1988-06-02 02:32:54,2830.0,2151.0
1988-06-03 02:33:11,2552.0,2691.0
1988-06-04 02:33:28,2581.0,2141.0
1988-06-05 02:33:44,2398.0,2256.0
1988-06-06 02:34:00,2336.0,2050.0
1988-06-07 02:34:14,3267.0,2353.0
1988-06-09 02:34:42,2820.0,2071.0
1988-06-10 02:34:55,2999.0,2429.0
1988-06-11 02:35:08,3071.0,2731.0
1988-06-14 02:35:42,2818.0,2075.0
1988-06-16 02:36:02,2704.0,2494.0
1988-06-19 02:36:29,2410.0,2041.0
1988-06-22 02:36:45,2236.0,0.0
1988-09-16 02:54:47,1999.0,1999.0
1988-10-04 02:58:34,1951.0,1951.0
1988-10-05 02:58:40,1949.0,1949.0
1988-10-06 02:58:47,1947.0,1947.0
1988-10-07 02:58:53,1945.0,1945.0
1988-10-08 02:58:58,1943.0,1943.0
1988-10-09 02:59:03,1942.0,1942.0
1988-11-18 03:00:19,2110.0,0.0
1988-11-22 03:00:51,2023.0,2864.0
1988-11-25 03:01:22,2119.0,2146.0
1988-11-26 03:01:33,1968.0,2125.0
1988-11-27 03:01:45,2442.0,2458.0
1988-11-28 03:01:58,0.0,2810.0
1988-11-30 03:02:25,0.0,3160.0
1988-12-01 03:02:40,0.0,2320.0
1988-12-03 03:03:10,2442.0,2268.0
1988-12-05 03:03:43,2221.0,3258.0
1988-12-06 03:03:59,2593.0,3836.0
1988-12-07 03:04:17,2657.0,3518.0
1988-12-08 03:04:34,2676.0,2065.0
1988-12-09 03:04:52,3606.0,2447.0
1988-12-12 03:05:48,1958.0,1958.0
1988-12-13 03:06:07,0.0,2533.0
1988-12-14 03:06:26,2902.0,2450.0
1988-12-15 03:06:45,2391.0,2500.0
1988-12-16 03:07:05,2874.0,2260.0
1988-12-17 03:07:24,2728.0,2528.0
1988-12-18 03:07:44,3066.0,2248.0
1988-12-24 03:09:42,4274.0,2527.0
1988-12-26 03:10:20,3644.0,3194.0
1988-12-27 03:10:39,2978.0,2697.0
1988-12-29 03:11:16,5053.0,2022.0
1988-12-30 03:11:33,4161.0,2354.0
1988-12-31 03:11:51,3511.0,2164.0
1989-01-01 03:12:08,3127.0,2621.0
1989-01-03 03:12:31,2676.0,2690.0
1989-01-04 03:12:46,2632.0,2146.0
1989-01-05 03:13:01,2724.0,2665.0
1989-01-06 03:13:15,2739.0,2175.0
1989-01-07 03:13:29,2990.0,2139.0
1989-01-08 03:13:43,2684.0,2778.0
1989-01-10 03:14:09,2439.0,2026.0
1989-01-11 03:14:22,2769.0,2296.0
1989-01-13 03:14:44,2956.0,2269.0
1989-01-14 03:14:55,2301.0,1885.0
1989-01-15 03:15:05,2472.0,1894.0
1989-01-16 03:15:14,2189.0,1890.0
1989-01-17 03:15:23,1881.0,0.0
1989-01-19 03:15:39,2522.0,1870.0
1989-01-20 03:15:46,3290.0,1867.0
1989-01-21 03:15:52,2504.0,2284.0
1989-01-22 03:15:58,2941.0,1902.0
1989-01-23 03:16:03,3079.0,2882.0
1989-01-24 03:16:08,5986.0,2752.0
1989-01-27 03:16:19,3488.0,2373.0
1989-01-29 03:16:24,2438.0,1855.0
1989-02-01 03:16:28,2071.0,1952.0
1989-03-12 03:15:58,0.0,1856.0
1989-06-13 03:23:31,1768.0,1789.0
1989-06-17 03:22:57,1953.0,0.0
1989-06-26 03:22:03,2623.0,2581.0
1989-06-27 03:22:00,2105.0,2986.0
1989-06-28 03:21:58,2052.0,3567.0
1989-06-30 03:21:55,2968.0,0.0
1989-07-01 03:21:54,2440.0,0.0
1989-07-03 03:21:55,2668.0,3238.0
1989-07-04 03:21:56,2412.0,3196.0
1989-07-05 03:21:58,2054.0,2778.0
1989-07-06 03:22:01,1830.0,2071.0
1989-07-07 03:22:04,1763.0,2100.0
1989-07-08 03:22:08,1885.0,2589.0
1989-07-09 03:22:12,2909.0,3044.0
1989-07-10 03:22:17,2660.0,2750.0
1989-07-13 03:22:09,2299.0,1947.0
1989-07-15 03:22:20,2942.0,0.0
1989-07-16 03:22:26,2849.0,1991.0
1989-07-17 03:22:33,2344.0,2265.0
1989-07-18 03:22:41,3152.0,1845.0
1989-07-19 03:22:49,3060.0,1982.0
1989-07-21 03:23:05,2936.0,2274.0
1989-07-22 03:23:14,3092.0,2587.0
1989-07-23 03:23:23,2233.0,2290.0
1989-07-24 03:23:33,3099.0,2936.0
1989-07-25 03:23:43,2847.0,3223.0
1989-07-26 03:23:53,2757.0,2444.0
1989-07-27 03:24:04,2367.0,3094.0
1989-07-28 03:24:14,2919.0,4090.0
1989-07-29 03:24:25,3157.0,3002.0
1989-07-30 03:24:35,2252.0,3061.0
1989-07-31 03:24:46,2464.0,3149.0
1989-08-01 03:24:52,2782.0,2367.0
1989-08-02 03:25:02,2942.0,1970.0
1989-08-04 03:25:22,2107.0,2204.0
1989-08-05 03:25:31,2136.0,2176.0
1989-08-06 03:25:41,2543.0,3037.0
1989-08-07 03:25:50,0.0,2797.0
1989-08-08 03:25:59,2942.0,1975.0
1989-08-09 03:26:08,0.0,3024.0
1989-08-10 03:26:16,3493.0,2427.0
1989-08-11 03:26:25,4457.0,2442.0
1989-08-12 03:26:33,4274.0,2976.0
1989-08-13 03:26:40,2826.0,1766.0
1989-08-14 03:26:47,3760.0,2027.0
1989-08-15 03:26:54,2537.0,2008.0
1989-08-16 03:27:00,3389.0,1960.0
1989-08-17 03:27:06,2770.0,2229.0
1989-08-18 03:27:12,2674.0,1871.0
1989-08-19 03:27:17,2774.0,1790.0
1989-08-20 03:27:21,3362.0,2015.0
1989-08-21 03:27:25,2808.0,2457.0
1989-08-22 03:27:28,3224.0,1786.0
1989-08-23 03:27:31,3614.0,2325.0
1989-08-24 03:27:33,3477.0,2504.0
1989-08-25 03:27:35,3131.0,2021.0
1989-08-27 03:27:37,2075.0,2140.0
1989-08-28 03:27:37,3030.0,2205.0
1989-09-01 03:27:25,2332.0,3415.0
1989-09-02 03:27:21,3121.0,2198.0
1989-09-04 03:27:12,3789.0,0.0
1989-09-06 03:27:00,3185.0,0.0
1989-09-07 03:26:54,0.0,1701.0
1989-09-08 03:26:47,3677.0,1695.0
1989-09-09 03:26:39,1963.0,1633.0
1989-09-10 03:26:31,3559.0,3308.0
1989-09-11 03:26:23,1948.0,1830.0
1989-11-23 03:21:31,0.0,1618.0
1990-01-26 03:15:38,1943.0,2858.0
1990-02-17 03:12:03,2334.0,2516.0
1990-02-18 03:11:59,1820.0,0.0
1990-02-19 03:11:57,2066.0,2130.0
1990-02-21 03:11:53,2065.0,0.0
1990-02-25 03:11:51,2316.0,2233.0
1990-02-26 03:11:52,3818.0,2821.0
1990-02-27 03:11:54,2621.0,1713.0
1990-02-28 03:11:55,2204.0,2154.0
1990-03-01 03:11:58,2305.0,2148.0
1990-03-02 03:12:00,2666.0,2530.0
1990-03-03 03:12:03,2411.0,2559.0
1990-03-04 03:12:07,2655.0,2148.0
1990-03-05 03:12:10,2409.0,2773.0
1990-03-06 03:12:14,2480.0,2744.0
1990-03-07 03:12:18,1946.0,2148.0
1990-03-08 03:12:23,1651.0,2208.0
1990-03-09 03:12:27,2565.0,2470.0
1990-03-10 03:12:32,2615.0,2020.0
1990-03-11 03:12:37,2801.0,2248.0
1990-03-12 03:12:41,2955.0,0.0
1990-03-13 03:12:43,3041.0,2412.0
1990-03-14 03:12:48,2117.0,1941.0
1990-03-15 03:12:52,2851.0,1975.0
1990-03-16 03:12:57,2667.0,1810.0
1990-03-17 03:13:01,1980.0,2715.0
1990-03-18 03:13:06,2565.0,2052.0
1990-03-19 03:13:10,3170.0,1931.0
1990-03-20 03:13:14,3042.0,1940.0
1990-03-21 03:13:18,2876.0,1892.0
1990-03-23 03:13:25,2954.0,2095.0
1990-03-24 03:13:27,3727.0,1817.0
1990-03-25 03:13:30,3149.0,1838.0
1990-03-26 03:13:32,3501.0,2224.0
1990-03-27 03:13:35,4594.0,1988.0
1990-03-28 03:13:36,2899.0,1913.0
1990-03-29 03:13:37,3242.0,1983.0
1990-03-30 03:13:38,2209.0,1699.0
1990-03-31 03:13:38,2907.0,1874.0
1990-04-01 03:13:37,3359.0,2270.0
1990-04-02 03:13:36,2156.0,1497.0
1990-04-03 03:13:36,3294.0,1869.0
1990-04-04 03:13:34,2347.0,1468.0
1990-04-05 03:13:31,1985.0,1582.0
1990-04-07 03:13:24,1999.0,1598.0
1990-04-08 03:13:20,1563.0,1511.0
1990-04-09 03:13:15,1514.0,1453.0
1990-04-10 03:13:10,2421.0,1556.0
1990-04-11 03:13:04,2590.0,1617.0
1990-04-12 03:12:58,1476.0,0.0
1990-04-13 03:12:50,1505.0,1413.0
1990-04-15 03:12:34,2136.0,1514.0
1990-04-16 03:12:25,2886.0,1575.0
1990-04-18 03:12:06,2341.0,1397.0
1990-04-19 03:11:56,3416.0,1677.0
1990-04-20 03:11:45,1376.0,1517.0
1990-04-24 03:11:09,2421.0,2110.0
1990-04-27 03:10:30,2305.0,1484.0
1990-04-28 03:10:17,1905.0,1442.0
1990-04-30 03:09:49,1593.0,0.0
1990-05-01 03:09:34,2181.0,2087.0
1990-05-02 03:09:20,2389.0,1644.0
1990-05-03 03:09:05,2010.0,1419.0
1990-05-04 03:08:50,1358.0,1458.0
1990-05-25 03:03:47,1450.0,1513.0
1990-05-26 03:03:36,1793.0,1406.0
1990-07-15 02:48:53,1980.0,0.0
1990-08-30 02:28:17,1244.0,0.0
1990-09-01 02:27:07,1825.0,1969.0
1990-09-02 02:26:32,1247.0,1306.0
1990-09-03 02:25:57,1214.0,1335.0
1990-09-05 02:24:56,1547.0,1738.0
1990-09-06 02:24:22,1660.0,2578.0
1990-09-07 02:23:49,1897.0,1846.0
1990-09-10 02:22:10,2070.0,0.0
1990-09-13 02:20:38,1711.0,0.0
1990-09-19 02:17:42,2023.0,0.0
1990-09-26 02:14:51,1447.0,0.0
1990-09-27 02:14:29,1606.0,1468.0
1990-09-29 02:13:47,1573.0,0.0
1990-10-02 02:12:48,2403.0,1831.0
1990-10-04 02:12:12,1520.0,1527.0
1990-10-06 02:11:39,2920.0,0.0
1990-10-09 02:10:52,1903.0,1526.0
1990-10-10 02:10:37,2136.0,0.0
1990-10-11 02:10:23,1840.0,1482.0
1990-10-16 02:09:22,2158.0,1831.0
1990-11-24 02:00:46,3031.0,1397.0
1990-11-27 01:59:43,1803.0,1464.0
1990-11-29 01:58:59,1180.0,1215.0
1990-11-30 01:58:36,0.0,1715.0
1990-12-08 01:55:15,2161.0,1128.0
1990-12-10 01:54:21,3403.0,1864.0
1990-12-11 01:53:53,1567.0,1359.0
1990-12-12 01:53:26,2343.0,1282.0
1990-12-15 01:52:01,1825.0,1302.0
1990-12-17 01:51:04,1764.0,1297.0
1990-12-26 01:47:03,0.0,1515.0
1990-12-27 01:46:37,1072.0,1072.0
1990-12-28 01:46:10,1073.0,1073.0
1990-12-29 01:45:44,1479.0,1092.0
1991-01-24 01:37:31,1410.0,1306.0
1991-02-17 01:35:01,1052.0,1052.0
1991-03-19 01:30:37,1346.0,0.0
1991-04-01 01:26:15,1063.0,1116.0
1991-04-04 01:25:05,1319.0,975.0
1991-04-05 01:24:42,937.0,982.0
1991-04-07 01:23:55,1217.0,1443.0
1991-04-08 01:23:32,1094.0,1136.0
1991-04-09 01:23:08,1091.0,1065.0
1991-04-10 01:22:44,984.0,1126.0
1991-04-11 01:22:20,1071.0,1463.0
1991-04-14 01:21:08,1302.0,1629.0
1991-04-15 01:20:44,1393.0,0.0
1991-04-17 01:19:57,1570.0,1511.0
1991-04-23 01:17:41,975.0,931.0
1991-04-25 01:16:58,974.0,1269.0
1991-04-28 01:15:58,1165.0,1923.0
1991-04-29 01:15:38,1667.0,1604.0
1991-04-30 01:15:20,1449.0,1779.0
1991-05-01 01:15:01,1113.0,1523.0
1991-05-05 01:13:54,1088.0,1489.0
1991-05-07 01:13:24,1703.0,983.0
1991-05-08 01:13:10,1511.0,1798.0
1991-05-11 01:12:32,1509.0,959.0
1991-05-12 01:12:20,2416.0,1308.0
1991-05-13 01:12:10,1246.0,1641.0
1991-05-14 01:11:59,1241.0,1634.0
1991-05-15 01:11:49,1405.0,0.0
1991-05-16 01:11:40,1255.0,1647.0
1991-05-18 01:11:24,1608.0,1315.0
1991-05-19 01:11:16,1902.0,1167.0
1991-05-20 01:11:09,2186.0,1322.0
1991-05-21 01:11:06,2143.0,1353.0
1991-05-22 01:11:01,1795.0,1199.0
1991-05-23 01:10:56,1903.0,1249.0
1991-05-24 01:10:52,1898.0,1301.0
1991-05-28 01:10:37,1132.0,1570.0
1991-05-29 01:10:35,2000.0,2815.0
1991-06-01 01:10:28,2442.0,2363.0
1991-06-03 01:10:24,1722.0,1097.0
1991-06-04 01:10:23,1220.0,1975.0
1991-06-05 01:10:21,1488.0,1878.0
1991-06-06 01:10:19,1398.0,2521.0
1991-06-07 01:10:18,0.0,1732.0
1991-06-08 01:10:16,2941.0,978.0
1991-06-09 01:10:14,1945.0,2465.0
1991-06-10 01:10:12,2328.0,1659.0
1991-06-11 01:10:10,2114.0,1957.0
1991-06-12 01:10:08,2245.0,2136.0
1991-06-13 01:10:06,3156.0,1228.0
1991-06-14 01:10:03,2645.0,1871.0
1991-06-15 01:10:00,2011.0,1856.0
1991-06-16 01:09:57,2123.0,1429.0
1991-06-17 01:09:53,2372.0,1524.0
1991-06-18 01:09:50,2827.0,1772.0
1991-06-19 01:09:45,2503.0,1063.0
1991-06-20 01:09:41,2914.0,1212.0
1991-06-21 01:09:36,2699.0,1137.0
1991-06-23 01:09:24,2569.0,1814.0
1991-06-24 01:09:17,2968.0,1850.0
1991-06-25 01:09:11,3016.0,1548.0
1991-06-26 01:09:03,2501.0,1112.0
1991-06-27 01:08:55,1832.0,1136.0
1991-06-28 01:08:46,2191.0,1060.0
1991-06-30 01:08:28,1930.0,1091.0
1991-07-01 01:08:17,2564.0,1820.0
1991-07-02 01:08:07,1594.0,1236.0
1991-07-03 01:07:55,3082.0,0.0
1991-07-04 01:07:43,2015.0,890.0
1991-07-05 01:07:30,1711.0,925.0
1991-07-06 01:07:17,2252.0,1407.0
1991-07-07 01:07:03,1802.0,0.0
1991-07-08 01:06:49,1105.0,940.0
1991-07-09 01:06:36,3066.0,2949.0
1991-07-10 01:06:21,1588.0,1653.0
1991-07-11 01:06:06,0.0,1200.0
1991-07-12 01:05:49,1935.0,1269.0
1991-07-13 01:05:33,2283.0,0.0
1991-07-14 01:05:16,2281.0,765.0
1991-07-15 01:04:58,2776.0,0.0
1991-07-16 01:04:40,765.0,924.0
1991-07-17 01:04:22,2876.0,1758.0
1991-07-20 01:03:24,911.0,787.0
1991-07-22 01:02:43,1922.0,0.0
1991-07-23 01:02:22,1743.0,1458.0
1991-07-26 01:01:19,1701.0,0.0
1991-07-27 01:00:57,905.0,997.0
1991-07-29 01:00:13,978.0,1032.0
1991-08-01 00:59:07,746.0,901.0
1991-08-02 00:58:45,1125.0,0.0
1991-08-03 00:58:23,0.0,940.0
1991-08-04 00:58:01,0.0,770.0
1991-08-05 00:57:39,1010.0,0.0
1991-08-07 00:56:59,1885.0,1187.0
1991-08-08 00:56:39,1437.0,0.0
1991-08-11 00:55:39,1380.0,789.0
1991-08-15 00:54:25,1144.0,0.0
1991-08-16 00:54:07,1370.0,1334.0
1991-08-17 00:53:50,1163.0,1148.0
1991-08-19 00:53:16,1026.0,837.0
1991-08-22 00:52:31,0.0,829.0
1991-08-28 00:51:20,824.0,766.0
1991-11-04 00:48:10,874.0,0.0
1991-11-06 00:47:43,789.0,0.0
1991-11-07 00:47:28,954.0,0.0
1991-11-09 00:46:58,659.0,0.0
1991-11-10 00:46:42,747.0,1185.0
1991-11-11 00:46:26,667.0,0.0
1991-11-13 00:45:52,793.0,813.0
1991-11-14 00:45:34,1046.0,0.0
1991-11-15 00:45:17,948.0,940.0
1991-11-16 00:44:59,843.0,0.0
1991-11-17 00:44:41,812.0,833.0
1991-11-18 00:44:23,831.0,0.0
1991-11-20 00:43:46,713.0,1062.0
1991-11-21 00:43:28,756.0,0.0
1991-11-22 00:43:09,937.0,1516.0
1991-11-24 00:42:32,896.0,1253.0
1991-11-25 00:42:14,803.0,0.0
1991-11-27 00:41:37,960.0,1388.0
1991-11-28 00:41:19,971.0,0.0
1991-11-29 00:41:01,846.0,1349.0
1991-12-01 00:40:26,1345.0,1004.0
1991-12-02 00:40:09,919.0,0.0
1991-12-03 00:39:52,1110.0,1075.0
1991-12-04 00:39:36,1088.0,1052.0
1991-12-06 00:39:04,0.0,765.0
1991-12-07 00:38:49,1301.0,0.0
1991-12-08 00:38:34,1476.0,1088.0
1991-12-09 00:38:20,959.0,0.0
1991-12-12 00:37:40,1220.0,0.0
1991-12-15 00:37:06,1885.0,0.0
1991-12-18 00:36:39,1153.0,1347.0
1991-12-19 00:36:31,1007.0,0.0
1991-12-20 00:36:25,758.0,1080.0
1991-12-26 00:35:56,1681.0,0.0
1991-12-30 00:35:48,853.0,0.0
1992-01-03 00:35:47,2187.0,1329.0
1992-01-05 00:35:50,2643.0,1602.0
1992-01-06 00:35:51,1496.0,0.0
1992-01-10 00:36:02,3652.0,0.0
1992-01-12 00:36:09,1487.0,1186.0
1992-01-14 00:36:18,2601.0,0.0
1992-01-15 00:36:23,0.0,1704.0
1992-01-17 00:36:32,1685.0,1236.0
1992-01-19 00:36:41,807.0,1314.0
1992-01-21 00:36:50,2727.0,0.0
1992-01-22 00:36:54,2138.0,0.0
1992-01-23 00:36:58,1391.0,0.0
1992-01-24 00:37:02,2873.0,0.0
1992-01-25 00:37:05,2792.0,1101.0
1992-01-26 00:37:09,1727.0,0.0
1992-01-27 00:37:12,2785.0,0.0
1992-01-28 00:37:15,0.0,2411.0
1992-01-29 00:37:17,1254.0,0.0
1992-01-30 00:37:19,1992.0,2070.0
1992-01-31 00:37:21,2580.0,987.0
1992-02-01 00:37:22,2699.0,1632.0
1992-02-02 00:37:22,2278.0,0.0
1992-02-03 00:37:22,2213.0,0.0
1992-02-04 00:37:22,3073.0,0.0
1992-02-05 00:37:22,3040.0,1557.0
1992-02-06 00:37:20,3223.0,1321.0
1992-02-07 00:37:18,1945.0,0.0
1992-02-08 00:37:16,1660.0,0.0
1992-02-09 00:37:13,3312.0,0.0
1992-02-10 00:37:09,2324.0,0.0
1992-02-12 00:37:05,1053.0,0.0
1992-02-14 00:36:56,0.0,1809.0
1992-02-15 00:36:50,2318.0,852.0
1992-02-16 00:36:44,2749.0,1113.0
1992-02-17 00:36:37,2592.0,0.0
1992-02-18 00:36:30,1543.0,1358.0
1992-02-19 00:36:22,1535.0,1444.0
1992-02-20 00:36:14,1391.0,442.0
1992-02-22 00:35:56,2179.0,1533.0
1992-02-23 00:35:46,2524.0,1587.0
1992-02-24 00:35:35,1526.0,1653.0
1992-02-25 00:35:25,896.0,0.0
1992-02-27 00:35:01,1415.0,0.0
1992-02-28 00:34:49,596.0,813.0
1992-02-29 00:34:37,449.0,537.0
1992-03-01 00:34:24,488.0,464.0
1992-03-02 00:34:10,1479.0,0.0
1992-03-03 00:33:59,2157.0,0.0
1992-03-04 00:33:46,537.0,0.0
1992-03-05 00:33:32,715.0,0.0
1992-03-08 00:32:50,690.0,0.0
1992-03-09 00:32:36,643.0,0.0
1992-03-10 00:32:21,836.0,612.0
1992-03-12 00:27:36,517.0,1869.0
1992-03-13 00:31:37,1087.0,1212.0
1992-03-18 00:30:25,705.0,0.0
1992-03-19 00:30:11,1796.0,1030.0
1992-03-22 00:29:30,771.0,601.0
1992-03-24 00:29:04,774.0,0.0
1992-03-25 00:28:51,406.0,465.0
1992-03-26 00:28:39,650.0,0.0
1992-03-28 00:28:16,443.0,646.0
1992-03-29 00:28:05,439.0,673.0
1992-03-30 00:27:54,575.0,520.0
1992-03-31 00:27:51,475.0,544.0
1992-04-01 00:27:43,526.0,470.0
1992-04-04 00:27:22,858.0,0.0
1992-04-05 00:27:16,781.0,532.0
1992-04-06 00:27:11,859.0,0.0
1992-04-07 00:27:06,494.0,525.0
1992-04-08 00:27:01,413.0,470.0
1992-04-10 00:26:54,578.0,0.0
1992-04-11 00:26:52,431.0,0.0
1992-04-14 00:26:49,410.0,0.0
1992-04-15 00:26:48,615.0,732.0
1992-04-18 00:26:51,442.0,416.0
1992-04-27 00:27:28,473.0,490.0
1992-04-29 00:27:45,474.0,686.0
1992-05-16 00:30:27,398.0,552.0
1992-05-17 00:30:37,397.0,412.0
1992-05-20 00:31:02,333.0,352.0
1992-05-23 00:31:25,321.0,333.0
1992-05-24 00:31:31,735.0,327.0
1992-06-01 00:32:06,308.0,0.0
1992-07-02 00:28:18,0.0,2302.0
1992-07-05 00:27:33,445.0,349.0
1992-07-09 00:26:31,811.0,1504.0
1992-07-10 00:26:15,744.0,1252.0
1992-07-11 00:26:00,1259.0,656.0
1992-07-13 00:25:30,905.0,578.0
1992-07-15 00:25:05,0.0,1732.0
1992-07-18 00:24:27,1010.0,0.0
1992-07-19 00:24:15,1204.0,0.0
1992-07-21 00:23:52,1570.0,0.0
1992-07-30 00:22:46,0.0,1834.0
1992-08-01 00:22:38,0.0,1512.0
1992-09-09 00:23:19,1177.0,731.0
1992-09-11 00:21:50,680.0,481.0
1992-09-12 00:20:51,415.0,271.0
1992-09-13 00:19:01,411.0,267.0
1992-09-14 00:14:46,1940.0,1523.0
1992-09-15 00:10:40,853.0,512.0
1992-09-16 00:06:26,473.0,254.0
1992-09-17 00:01:46,451.0,271.0
1992-09-17 23:56:01,1993.0,1427.0
1992-09-19 23:44:40,808.0,473.0
1992-09-20 23:38:46,553.0,252.0
1992-09-21 23:31:52,468.0,271.0
1992-09-22 23:23:04,1826.0,1794.0
1992-09-23 23:14:21,1156.0,783.0
1992-09-24 23:05:32,727.0,1581.0
1992-09-25 22:56:27,502.0,2155.0
1992-09-26 22:46:02,447.0,1496.0
1992-09-27 22:33:38,1842.0,1825.0
1992-09-28 22:21:19,1008.0,771.0
1992-09-29 22:08:52,718.0,475.0
1992-09-30 21:56:00,438.0,245.0
1992-10-01 21:41:59,401.0,289.0
1992-10-02 21:25:52,2036.0,1319.0
1992-10-03 21:09:36,1224.0,718.0
1992-10-04 20:52:39,684.0,450.0
1992-10-05 20:33:45,440.0,286.0
1992-10-06 20:12:23,466.0,265.0
1992-10-07 19:46:27,762.0,483.0
