INBOUND_SOLAR_ZENITH_ANGLE,INBOUND_ALTITUDE
63.4,601.0
66.4,832.0
66.2,579.0
69.5,1110.0
0.0,0.0
71.1,592.0
71.9,714.0
74.1,386.0
74.0,708.0
75.5,423.0
75.6,1032.0
77.7,469.0
78.2,623.0
79.1,896.0
0.0,0.0
83.1,549.0
81.2,1080.0
83.1,873.0
83.5,967.0
86.1,729.0
88.3,611.0
87.0,888.0
89.6,690.0
86.9,1109.0
89.1,953.0
89.6,996.0
88.2,1330.0
0.0,0.0
88.6,1461.0
0.0,0.0
85.0,2073.0
97.6,863.0
89.0,1711.0
0.0,0.0
100.4,853.0
110.0,424.0
0.0,0.0
120.5,236.0
118.4,320.0
103.3,995.0
0.0,0.0
108.2,831.0
120.3,433.0
104.8,1167.0
135.1,192.0
108.7,1005.0
0.0,0.0
119.3,620.0
122.6,543.0
115.3,899.0
110.4,1173.0
106.7,1370.0
98.4,1976.0
106.4,1472.0
0.0,0.0
113.9,1141.0
116.8,1068.0
106.1,1642.0
115.5,1150.0
128.3,663.0
112.0,1397.0
0.0,0.0
0.0,0.0
0.0,0.0
116.2,1248.0
125.4,857.0
115.7,1323.0
128.9,787.0
119.2,1223.0
121.5,1104.0
124.0,989.0
127.1,866.0
0.0,0.0
116.6,1409.0
112.9,1653.0
151.5,176.0
129.9,740.0
134.4,566.0
119.8,1236.0
100.5,4789.0
115.3,1530.0
110.8,1876.0
138.7,343.0
118.2,1324.0
120.3,1175.0
131.4,541.0
124.0,905.0
119.7,1167.0
118.9,1205.0
123.2,873.0
111.7,1803.0
122.4,851.0
124.9,629.0
122.4,756.0
116.8,1190.0
112.4,1612.0
114.6,1328.0
114.6,1275.0
119.4,667.0
119.3,571.0
112.1,1411.0
108.9,1857.0
109.2,1761.0
113.1,968.0
111.8,1070.0
111.7,950.0
106.4,2122.0
111.4,437.0
109.0,1049.0
106.5,1768.0
105.8,1872.0
105.3,1973.0
105.8,1241.0
105.1,1191.0
103.6,564.0
103.6,1152.0
102.2,804.0
102.7,1635.0
100.8,959.0
98.3,607.0
97.9,731.0
96.7,691.0
96.6,841.0
93.1,525.0
93.1,639.0
93.1,760.0
96.3,1372.0
91.1,759.0
93.1,1109.0
86.7,563.0
86.9,668.0
90.8,1131.0
91.1,1251.0
88.4,1050.0
82.8,665.0
84.8,888.0
83.1,835.0
78.6,596.0
87.4,1329.0
79.5,782.0
79.2,827.0
82.5,1115.0
73.0,598.0
74.3,720.0
73.6,733.0
67.5,483.0
73.3,799.0
70.2,693.0
66.4,576.0
74.8,1038.0
72.4,949.0
67.2,742.0
66.3,750.0
64.6,689.0
53.9,370.0
76.7,1410.0
59.6,615.0
54.7,491.0
56.6,582.0
65.1,951.0
48.7,421.0
49.2,419.0
54.8,611.0
58.7,780.0
55.0,709.0
40.1,318.0
38.5,307.0
46.1,492.0
53.9,754.0
36.0,318.0
39.2,393.0
44.3,545.0
44.6,528.0
56.6,958.0
49.6,713.0
49.0,708.0
41.8,508.0
46.7,658.0
35.7,383.0
33.4,342.0
17.0,151.0
34.2,329.0
36.9,386.0
38.2,417.0
47.5,699.0
52.3,891.0
51.1,836.0
46.8,636.0
38.4,354.0
36.8,299.0
46.8,604.0
59.9,1257.0
42.8,417.0
53.2,847.0
46.2,495.0
54.4,873.0
43.6,326.0
45.9,382.0
52.1,651.0
48.0,389.0
50.7,483.0
49.2,342.0
53.1,520.0
51.2,327.0
65.7,1408.0
62.7,1001.0
58.1,427.0
61.8,732.0
61.9,623.0
65.6,1031.0
65.4,875.0
65.8,797.0
65.7,582.0
68.0,883.0
67.6,442.0
68.9,525.0
70.1,572.0
71.3,718.0
72.6,1019.0
73.3,684.0
74.3,993.0
75.1,986.0
76.4,728.0
77.1,860.0
77.6,1068.0
78.8,929.0
78.6,1368.0
80.1,1099.0
79.6,1517.0
81.2,1230.0
82.2,1182.0
81.7,1473.0
85.5,922.0
86.0,975.0
118.9,867.0
114.6,1139.0
141.5,333.0
129.9,653.0
0.0,0.0
128.4,772.0
112.4,1522.0
130.0,735.0
129.7,777.0
142.9,407.0
133.1,686.0
113.0,1634.0
135.4,602.0
119.7,1288.0
116.2,1504.0
117.9,1413.0
116.1,1534.0
127.1,923.0
0.0,0.0
119.6,1321.0
120.2,1270.0
127.4,826.0
110.3,2050.0
121.1,1167.0
119.2,1280.0
113.4,1748.0
115.4,1562.0
125.6,745.0
131.6,330.0
115.7,1384.0
0.0,0.0
124.2,364.0
118.7,836.0
108.7,2017.0
110.9,1579.0
114.1,909.0
108.5,1892.0
110.9,1263.0
105.8,2408.0
111.2,782.0
108.2,1283.0
107.6,970.0
105.4,1872.0
105.5,967.0
104.2,700.0
104.0,1355.0
102.7,917.0
102.9,1591.0
99.9,672.0
97.0,393.0
98.7,752.0
0.0,0.0
98.0,1083.0
97.9,1259.0
96.9,1212.0
99.4,1950.0
95.7,1267.0
98.0,1864.0
95.7,1522.0
95.4,1595.0
100.6,2829.0
96.9,2054.0
91.8,1376.0
86.0,855.0
88.9,1215.0
88.7,1287.0
92.6,1817.0
87.4,1311.0
81.8,893.0
88.0,1498.0
82.3,1072.0
72.5,530.0
81.3,1121.0
73.9,717.0
71.7,659.0
77.4,1019.0
68.9,612.0
75.1,987.0
78.2,1245.0
66.3,641.0
70.2,875.0
57.6,412.0
67.3,829.0
74.2,1243.0
78.1,1482.0
58.9,550.0
66.9,923.0
60.4,682.0
64.6,898.0
70.7,1252.0
68.4,1169.0
66.6,1080.0
54.2,605.0
68.9,1248.0
58.3,817.0
66.5,1250.0
65.0,1181.0
65.0,1181.0
67.9,1373.0
39.7,368.0
45.0,514.0
40.8,433.0
38.5,400.0
40.2,439.0
39.6,440.0
37.5,407.0
45.9,639.0
42.2,545.0
37.5,439.0
45.8,674.0
30.6,288.0
48.7,768.0
36.8,417.0
43.9,618.0
56.9,1151.0
51.9,925.0
57.7,1208.0
66.5,1740.0
80.2,2937.0
47.6,731.0
44.6,608.0
45.1,618.0
49.3,781.0
45.9,625.0
51.4,854.0
42.5,452.0
41.5,392.0
48.4,649.0
52.5,837.0
49.3,636.0
43.9,343.0
0.0,0.0
52.3,641.0
54.7,756.0
54.8,707.0
55.2,675.0
54.7,568.0
57.1,689.0
58.2,716.0
62.4,1071.0
65.9,1424.0
61.1,734.0
63.1,885.0
62.8,711.0
64.4,821.0
64.1,596.0
67.0,987.0
70.0,1494.0
68.1,800.0
69.4,934.0
69.8,708.0
71.3,981.0
72.8,1380.0
73.2,509.0
74.0,1151.0
74.8,1208.0
76.0,796.0
77.9,530.0
78.3,725.0
78.7,923.0
81.0,618.0
81.5,751.0
81.1,1048.0
83.1,835.0
0.0,0.0
84.7,893.0
85.0,1002.0
83.3,1458.0
83.5,1555.0
86.2,1235.0
84.7,1591.0
87.0,1346.0
89.2,1179.0
93.8,808.0
90.0,1281.0
92.5,1109.0
89.2,1558.0
95.2,1029.0
88.8,1773.0
96.3,1073.0
92.5,1484.0
90.1,1817.0
95.3,1377.0
96.5,1339.0
103.8,881.0
109.1,648.0
93.9,1737.0
94.5,1744.0
100.0,1350.0
103.5,1172.0
107.2,995.0
0.0,0.0
109.8,959.0
109.2,1007.0
106.1,1236.0
99.3,1755.0
104.7,1423.0
0.0,0.0
117.3,837.0
112.6,1103.0
104.2,1612.0
106.5,1508.0
114.6,1087.0
119.9,882.0
119.3,945.0
117.1,1082.0
111.7,1397.0
140.1,1644.0
121.2,959.0
107.4,1742.0
119.6,1092.0
114.3,1393.0
125.2,903.0
114.6,1438.0
116.2,1411.0
124.3,1036.0
123.3,1067.0
113.5,1663.0
106.9,2090.0
114.2,1621.0
106.9,2117.0
104.8,2325.0
109.3,1999.0
110.5,1936.0
122.7,1193.0
118.4,1449.0
125.0,1095.0
127.8,959.0
125.4,1077.0
119.8,1393.0
118.7,1472.0
124.1,1135.0
103.7,2773.0
112.8,1918.0
123.6,1137.0
118.7,1457.0
123.2,1131.0
119.4,1375.0
114.7,1749.0
119.2,1357.0
117.9,1441.0
124.3,910.0
112.4,1919.0
118.2,1327.0
116.6,1444.0
112.8,1812.0
123.3,716.0
111.1,1968.0
110.2,2064.0
107.1,2522.0
114.6,1360.0
108.5,2235.0
111.3,1712.0
114.5,1103.0
114.7,944.0
114.4,838.0
112.0,1164.0
111.0,1239.0
109.3,1508.0
109.3,1039.0
108.3,1137.0
103.4,3332.0
106.7,1179.0
105.5,1740.0
104.9,1732.0
104.4,1502.0
103.4,1114.0
103.0,1406.0
101.8,1131.0
99.8,789.0
96.2,412.0
99.1,1107.0
100.8,1896.0
96.0,859.0
99.5,1822.0
95.8,1136.0
96.7,1468.0
93.3,1031.0
95.4,1493.0
89.0,754.0
93.9,1476.0
86.9,757.0
88.4,999.0
90.1,1277.0
88.7,1217.0
89.1,1356.0
82.5,830.0
92.5,1930.0
87.8,1462.0
84.3,1205.0
85.6,1473.0
72.8,636.0
67.2,437.0
81.9,1359.0
77.3,1087.0
83.5,1621.0
70.2,784.0
66.5,658.0
75.0,1168.0
74.6,1195.0
66.8,823.0
58.3,522.0
65.5,853.0
55.6,515.0
65.5,947.0
52.8,501.0
54.5,592.0
64.1,1013.0
52.2,588.0
42.9,385.0
48.5,546.0
58.5,918.0
43.4,473.0
58.7,999.0
48.7,670.0
52.3,815.0
36.6,428.0
40.8,535.0
33.5,412.0
0.0,0.0
54.7,1049.0
42.4,656.0
24.1,347.0
26.2,377.0
31.0,454.0
40.4,668.0
0.0,0.0
34.8,556.0
18.6,343.0
22.1,372.0
29.9,480.0
23.8,382.0
35.1,581.0
22.4,355.0
36.3,546.0
31.0,395.0
30.9,371.0
33.2,394.0
34.0,382.0
38.9,498.0
0.0,0.0
48.8,859.0
44.4,600.0
41.9,439.0
45.3,544.0
48.8,679.0
50.7,740.0
0.0,0.0
48.2,424.0
52.5,557.0
53.6,552.0
54.4,495.0
62.8,1328.0
61.0,1008.0
60.5,817.0
61.2,758.0
61.1,378.0
0.0,0.0
65.3,588.0
0.0,0.0
67.9,637.0
71.5,859.0
73.8,821.0
74.6,1423.0
76.4,1284.0
80.3,503.0
82.3,769.0
85.5,665.0
83.6,1121.0
83.6,1293.0
0.0,0.0
85.7,1261.0
86.9,1232.0
87.8,1240.0
86.1,1612.0
89.0,1323.0
101.4,443.0
91.3,1279.0
99.6,670.0
95.8,1037.0
0.0,0.0
113.8,355.0
107.9,710.0
99.2,1333.0
85.8,2863.0
97.9,1582.0
99.3,1535.0
120.8,485.0
0.0,0.0
126.0,543.0
127.5,541.0
125.4,636.0
114.4,1113.0
126.2,726.0
112.2,1424.0
126.4,836.0
139.3,535.0
155.4,471.0
132.8,739.0
127.9,924.0
114.1,1583.0
129.2,944.0
131.5,929.0
122.7,1297.0
114.4,1753.0
144.8,657.0
116.9,1679.0
0.0,0.0
136.2,925.0
119.0,1656.0
113.2,2029.0
106.2,2560.0
114.8,1986.0
168.1,506.0
109.4,2419.0
129.6,1278.0
136.6,1026.0
119.7,1806.0
138.6,973.0
121.2,1750.0
116.8,2036.0
135.2,1097.0
124.9,1572.0
124.3,1608.0
124.0,1629.0
132.8,1183.0
123.3,1673.0
0.0,0.0
132.9,1141.0
141.7,770.0
124.1,1591.0
145.5,593.0
120.1,1833.0
111.9,2548.0
124.4,1472.0
109.8,2774.0
112.0,2516.0
118.3,1875.0
124.5,1313.0
124.3,1278.0
110.5,2644.0
115.2,2054.0
121.2,1363.0
126.8,754.0
123.7,945.0
118.8,1388.0
123.7,667.0
119.8,885.0
113.4,1768.0
107.9,2744.0
114.3,1334.0
110.7,1942.0
114.2,642.0
112.5,1027.0
108.8,1963.0
109.6,1433.0
109.2,985.0
108.0,1262.0
106.7,1406.0
105.3,800.0
0.0,0.0
102.7,784.0
103.6,1812.0
97.1,543.0
102.2,1888.0
100.2,1326.0
100.3,1691.0
96.0,914.0
98.0,1493.0
96.5,1380.0
95.2,1308.0
0.0,0.0
90.2,942.0
98.2,2520.0
88.1,972.0
83.8,742.0
87.2,1108.0
86.3,1124.0
82.4,905.0
79.9,825.0
0.0,0.0
76.0,752.0
83.5,1351.0
83.6,1445.0
75.5,935.0
67.2,676.0
76.3,1200.0
61.0,666.0
68.7,1018.0
59.4,742.0
79.2,1952.0
41.1,729.0
44.1,826.0
54.8,714.0
56.1,822.0
66.1,1005.0
67.8,760.0
73.0,854.0
73.5,1130.0
75.5,1397.0
77.4,1076.0
78.1,1232.0
81.0,905.0
81.8,1191.0
85.0,923.0
82.6,1483.0
82.1,1855.0
85.4,1361.0
90.2,944.0
95.3,737.0
92.0,1018.0
97.1,782.0
94.5,1028.0
93.7,1209.0
103.3,732.0
109.6,711.0
101.2,1017.0
101.3,1098.0
108.7,799.0
100.8,1304.0
100.8,1388.0
118.2,719.0
116.3,763.0
121.1,724.0
113.9,932.0
120.1,784.0
116.5,937.0
112.3,1178.0
105.7,1637.0
111.9,1324.0
114.9,1230.0
111.5,1520.0
113.6,1462.0
0.0,0.0
121.3,1203.0
137.8,794.0
133.4,902.0
135.9,878.0
123.8,1284.0
122.3,1391.0
138.8,906.0
112.9,1968.0
121.2,1567.0
0.0,0.0
118.4,1787.0
133.3,1204.0
134.8,1189.0
129.7,1392.0
124.7,1630.0
139.6,1131.0
138.2,1194.0
126.9,1625.0
121.0,1943.0
134.1,1393.0
123.0,1894.0
130.9,1560.0
132.8,1503.0
111.1,2728.0
127.4,1771.0
119.6,2213.0
130.8,1654.0
135.7,1467.0
162.0,889.0
134.0,1551.0
142.6,1250.0
0.0,0.0
0.0,0.0
126.5,1930.0
0.0,0.0
150.8,1002.0
129.7,1759.0
131.5,1659.0
132.4,1606.0
125.6,1972.0
139.5,1226.0
139.6,1193.0
143.8,1000.0
142.7,1001.0
143.7,918.0
121.9,2122.0
114.5,2745.0
126.2,1627.0
130.6,1238.0
125.3,1583.0
117.5,2281.0
125.4,1424.0
112.5,2812.0
125.2,1251.0
125.0,1147.0
120.8,1522.0
122.7,1116.0
117.3,1749.0
117.7,1547.0
110.6,2609.0
113.2,1908.0
114.2,1432.0
111.5,1913.0
111.8,917.0
111.2,1148.0
109.8,1462.0
107.8,2133.0
107.5,1315.0
106.1,2276.0
104.4,1549.0
0.0,0.0
102.2,1546.0
98.5,1023.0
101.1,1924.0
95.2,979.0
93.6,969.0
95.6,1525.0
89.1,960.0
85.6,883.0
81.2,870.0
84.2,1181.0
79.8,1154.0
69.8,1119.0
81.1,1966.0
60.0,973.0
35.3,968.0
36.6,1114.0
63.6,1217.0
86.9,1063.0
107.5,1251.0
103.3,1045.0
102.0,1203.0
106.3,1206.0
108.4,1242.0
119.8,1085.0
110.7,1268.0
111.0,1319.0
109.1,1561.0
117.4,1227.0
109.2,1772.0
117.0,1413.0
112.0,1733.0
118.5,1461.0
123.2,1322.0
127.2,1326.0
128.6,1364.0
146.2,1111.0
134.7,1303.0
133.2,1382.0
138.7,1299.0
133.2,1489.0
118.3,2191.0
123.2,1975.0
115.0,2482.0
126.2,1910.0
137.0,1532.0
127.4,1927.0
129.8,1856.0
129.7,1888.0
146.5,1375.0
124.1,2215.0
136.9,1688.0
128.3,2064.0
141.1,1590.0
130.5,2008.0
128.5,2143.0
138.3,1739.0
154.1,1327.0
156.3,1291.0
144.7,1552.0
165.7,1191.0
125.8,2376.0
134.6,1931.0
152.6,1330.0
138.8,1745.0
141.0,1649.0
125.3,2434.0
132.2,2019.0
129.5,2160.0
148.3,1255.0
117.2,3024.0
122.3,2576.0
132.2,1861.0
135.1,1654.0
122.0,2534.0
123.0,2415.0
136.2,1425.0
132.2,1611.0
124.6,2143.0
131.9,1486.0
120.1,2459.0
127.1,1711.0
124.7,1844.0
127.2,1250.0
126.8,1390.0
124.3,1545.0
120.3,1248.0
117.4,1245.0
115.7,1218.0
108.0,1409.0
105.1,1937.0
98.7,1189.0
101.4,1440.0
97.6,1689.0
95.3,1526.0
87.7,1419.0
73.2,1191.0
94.7,1331.0
95.0,1372.0
94.9,1791.0
106.9,1349.0
112.0,1488.0
130.5,1371.0
118.0,1847.0
135.1,1375.0
115.3,2368.0
135.3,1545.0
121.0,2257.0
155.1,1511.0
132.6,1826.0
148.8,1456.0
134.4,1873.0
0.0,0.0
144.1,1646.0
120.2,2742.0
147.5,1663.0
132.7,1808.0
124.7,1485.0
123.8,1701.0
119.8,1722.0
117.3,2043.0
113.4,2215.0
113.1,1750.0
108.7,1625.0
107.2,1599.0
100.2,1865.0
99.0,2184.0
85.7,1524.0
104.1,1615.0
112.2,1992.0
110.9,1622.0
119.5,1872.0
114.7,1632.0
119.1,1603.0
120.8,1643.0
123.3,1704.0
118.5,2022.0
0.0,0.0
136.2,1640.0
137.6,1674.0
0.0,0.0
123.5,2315.0
138.1,1801.0
141.9,1777.0
134.3,2038.0
140.6,1877.0
142.8,1886.0
142.9,1914.0
159.8,1680.0
149.4,1817.0
140.9,2066.0
143.2,2022.0
141.4,2105.0
140.1,2177.0
151.8,1876.0
143.0,2127.0
134.2,2510.0
132.7,2602.0
138.6,2362.0
148.0,2056.0
147.3,2087.0
134.4,2595.0
137.9,2445.0
167.8,1727.0
147.0,2115.0
158.7,1821.0
153.7,1918.0
144.8,2180.0
139.6,2383.0
150.9,1940.0
133.0,2689.0
135.6,2535.0
145.9,2010.0
145.4,1995.0
139.8,2217.0
139.6,2190.0
130.4,2715.0
143.4,1902.0
139.4,2060.0
136.6,2165.0
139.8,1901.0
139.5,1834.0
129.9,2398.0
0.0,0.0
126.1,2588.0
0.0,0.0
126.9,1842.0
120.5,2486.0
122.6,1764.0
117.5,2668.0
117.2,2529.0
129.2,2384.0
144.9,1925.0
130.1,2538.0
142.0,2132.0
138.1,2403.0
159.1,1943.0
156.0,2003.0
151.6,2108.0
151.4,2134.0
134.9,2725.0
134.8,2755.0
139.5,2573.0
0.0,0.0
148.5,2290.0
138.7,2657.0
149.5,2279.0
132.8,2973.0
152.7,2200.0
141.3,2586.0
145.9,2409.0
149.6,2283.0
152.9,2179.0
160.4,2054.0
157.4,2100.0
159.6,1969.0
145.5,2370.0
137.4,2730.0
139.4,2610.0
141.0,2505.0
154.0,1941.0
142.1,2384.0
146.3,2149.0
140.1,2413.0
136.7,2568.0
134.5,2662.0
134.0,2646.0
139.8,2198.0
132.9,2609.0
133.3,2511.0
133.1,2451.0
126.4,2978.0
132.1,2354.0
130.5,2030.0
131.0,2217.0
130.3,2141.0
129.6,2040.0
125.1,2099.0
116.9,1913.0
34.5,2007.0
0.0,0.0
0.0,0.0
123.2,2356.0
0.0,0.0
163.1,2423.0
0.0,0.0
0.0,0.0
151.7,2772.0
150.2,2834.0
167.0,2408.0
143.8,3122.0
148.9,2904.0
157.0,2622.0
164.5,2405.0
152.8,2694.0
155.8,2556.0
146.2,2937.0
159.0,2301.0
154.6,2483.0
148.6,2668.0
141.5,2922.0
139.5,3000.0
135.2,3275.0
139.5,2859.0
139.2,2797.0
136.8,2910.0
136.4,2843.0
135.1,2580.0
140.9,2591.0
151.3,2315.0
142.5,2909.0
165.9,2313.0
156.0,2535.0
152.9,2653.0
152.1,2764.0
145.2,3069.0
144.0,3154.0
157.9,2622.0
160.1,2557.0
0.0,0.0
140.5,3356.0
139.5,3413.0
139.5,3402.0
147.3,2935.0
143.9,3067.0
150.0,2699.0
140.0,3243.0
149.7,2546.0
137.9,3261.0
149.2,2382.0
141.4,2880.0
140.7,2854.0
0.0,0.0
137.5,2955.0
138.5,2754.0
132.1,3291.0
134.4,2935.0
94.1,3332.0
136.0,2884.0
136.4,2925.0
0.0,0.0
146.4,2578.0
0.0,0.0
136.6,3220.0
137.5,3211.0
130.6,3678.0
149.6,2730.0
156.8,2525.0
139.0,3278.0
154.8,2631.0
166.0,2381.0
137.8,3453.0
140.8,3303.0
155.9,2662.0
139.6,3402.0
155.3,2687.0
167.3,2353.0
133.1,3855.0
140.4,3380.0
143.2,3203.0
139.9,3391.0
161.4,2225.0
147.1,2904.0
157.1,2362.0
150.1,2667.0
153.7,2297.0
142.6,2962.0
149.3,2202.0
141.9,2806.0
140.1,2868.0
142.5,2557.0
0.0,0.0
0.0,0.0
139.8,2375.0
0.0,0.0
135.5,2596.0
116.4,3020.0
123.8,2568.0
0.0,0.0
135.2,2145.0
131.7,2362.0
128.8,2684.0
127.0,2880.0
128.8,2843.0
140.3,2314.0
138.9,2439.0
144.5,2326.0
143.2,2434.0
144.6,2430.0
154.6,2152.0
138.7,2811.0
147.9,2503.0
148.5,2522.0
144.6,2725.0
159.3,2294.0
139.9,3077.0
155.5,2460.0
163.3,2280.0
137.0,3348.0
143.2,3040.0
158.0,2474.0
138.9,3347.0
143.2,3122.0
152.5,2707.0
139.1,3382.0
146.4,2987.0
146.0,3010.0
152.1,2726.0
152.2,2710.0
163.1,2295.0
159.3,2396.0
142.4,3137.0
139.9,3247.0
149.0,2632.0
140.6,3123.0
133.8,3617.0
146.8,2583.0
147.5,2456.0
144.6,2586.0
134.8,3331.0
125.6,4225.0
135.0,3161.0
137.4,2830.0
138.9,2552.0
137.4,2581.0
137.3,2398.0
136.2,2336.0
128.6,3267.0
129.5,2820.0
127.2,2999.0
125.7,3071.0
123.3,2818.0
121.1,2704.0
117.2,2410.0
112.3,2236.0
28.1,1999.0
56.9,1951.0
58.5,1949.0
60.1,1947.0
61.7,1945.0
63.3,1943.0
64.9,1942.0
125.1,2110.0
133.4,2023.0
135.9,2119.0
141.6,1968.0
132.6,2442.0
0.0,0.0
0.0,0.0
0.0,0.0
140.5,2442.0
148.4,2221.0
141.0,2593.0
140.8,2657.0
141.4,2676.0
127.3,3606.0
167.4,1958.0
0.0,0.0
142.0,2902.0
154.7,2391.0
143.8,2874.0
147.4,2728.0
141.2,3066.0
126.2,4274.0
134.2,3644.0
144.4,2978.0
119.5,5053.0
128.1,4161.0
135.7,3511.0
140.8,3127.0
146.8,2676.0
146.7,2632.0
144.5,2724.0
143.5,2739.0
139.4,2990.0
142.5,2684.0
143.4,2439.0
138.6,2769.0
134.8,2956.0
139.5,2301.0
136.9,2472.0
137.4,2189.0
134.4,1881.0
131.5,2522.0
125.6,3290.0
129.0,2504.0
125.6,2941.0
123.8,3079.0
110.3,5986.0
117.9,3488.0
118.3,2438.0
113.4,2071.0
0.0,0.0
99.3,1768.0
102.9,1953.0
109.3,2623.0
116.6,2105.0
118.8,2052.0
111.1,2968.0
118.1,2440.0
118.0,2668.0
122.5,2412.0
129.4,2054.0
135.5,1830.0
139.0,1763.0
137.5,1885.0
122.3,2909.0
126.8,2660.0
136.4,2299.0
128.4,2942.0
130.7,2849.0
140.5,2344.0
128.3,3152.0
130.5,3060.0
134.1,2936.0
132.6,3092.0
149.8,2233.0
134.0,3099.0
138.8,2847.0
141.1,2757.0
150.1,2367.0
139.5,2919.0
136.2,3157.0
155.1,2252.0
150.2,2464.0
143.9,2782.0
141.4,2942.0
161.2,2107.0
160.2,2136.0
149.8,2543.0
0.0,0.0
142.3,2942.0
0.0,0.0
134.2,3493.0
123.7,4457.0
125.5,4274.0
143.1,2826.0
130.7,3760.0
146.8,2537.0
134.5,3389.0
142.0,2770.0
142.7,2674.0
140.6,2774.0
133.2,3362.0
138.8,2808.0
133.5,3224.0
129.2,3614.0
129.9,3477.0
132.3,3131.0
139.6,2075.0
130.8,3030.0
131.3,2332.0
125.5,3121.0
120.2,3789.0
121.3,3185.0
0.0,0.0
117.4,3677.0
121.0,1963.0
116.1,3559.0
117.9,1948.0
0.0,0.0
98.0,1943.0
124.9,2334.0
134.5,1820.0
131.6,2066.0
134.3,2065.0
135.0,2316.0
116.8,3818.0
132.2,2621.0
140.5,2204.0
139.6,2305.0
134.4,2666.0
139.7,2411.0
136.3,2655.0
141.5,2409.0
141.0,2480.0
153.9,1946.0
164.8,1651.0
141.6,2565.0
141.3,2615.0
138.7,2801.0
136.7,2955.0
135.8,3041.0
153.9,2117.0
139.5,2851.0
142.9,2667.0
158.3,1980.0
145.1,2565.0
135.6,3170.0
137.6,3042.0
140.0,2876.0
138.8,2954.0
129.1,3727.0
135.9,3149.0
131.5,3501.0
120.9,4594.0
138.3,2899.0
133.8,3242.0
147.0,2209.0
136.9,2907.0
131.5,3359.0
144.9,2156.0
131.3,3294.0
140.7,2347.0
143.6,1985.0
140.9,1999.0
141.9,1563.0
140.1,1514.0
133.9,2421.0
131.5,2590.0
135.1,1476.0
133.9,1505.0
129.8,2136.0
124.7,2886.0
125.1,2341.0
119.3,3416.0
119.9,1376.0
117.4,2421.0
113.8,2305.0
112.2,1905.0
108.1,1593.0
108.4,2181.0
107.3,2389.0
105.3,2010.0
98.0,1358.0
67.3,1450.0
70.5,1793.0
26.5,1980.0
89.2,1244.0
86.9,1825.0
94.0,1247.0
97.4,1214.0
94.9,1547.0
95.5,1660.0
95.2,1897.0
98.2,2070.0
105.6,1711.0
111.1,2023.0
129.2,1447.0
128.1,1606.0
131.6,1573.0
123.4,2403.0
140.1,1520.0
121.3,2920.0
139.3,1903.0
136.2,2136.0
142.9,1840.0
141.7,2158.0
125.0,3031.0
128.7,1803.0
125.3,1180.0
0.0,0.0
113.6,2161.0
110.0,3403.0
109.0,1567.0
108.6,2343.0
104.0,1825.0
101.0,1764.0
0.0,0.0
78.4,1072.0
76.8,1073.0
81.7,1479.0
42.0,1410.0
10.8,1052.0
48.6,1346.0
69.9,1063.0
73.0,1319.0
78.5,937.0
78.2,1217.0
80.8,1094.0
82.5,1091.0
85.5,984.0
85.9,1071.0
88.5,1302.0
89.4,1393.0
91.2,1570.0
106.8,975.0
110.1,974.0
111.9,1165.0
107.8,1667.0
111.5,1449.0
117.4,1113.0
124.2,1088.0
118.5,1703.0
122.4,1511.0
126.7,1509.0
116.6,2416.0
134.0,1246.0
135.6,1241.0
134.0,1405.0
138.3,1255.0
134.6,1608.0
131.0,1902.0
128.0,2186.0
129.6,2143.0
136.2,1795.0
135.4,1903.0
136.5,1898.0
158.6,1132.0
139.4,2000.0
134.4,2442.0
148.5,1722.0
163.3,1220.0
155.4,1488.0
158.5,1398.0
0.0,0.0
130.8,2941.0
146.4,1945.0
139.9,2328.0
143.6,2114.0
141.5,2245.0
129.3,3156.0
135.7,2645.0
145.2,2011.0
143.2,2123.0
139.3,2372.0
133.3,2827.0
137.1,2503.0
132.0,2914.0
134.2,2699.0
135.0,2569.0
130.4,2968.0
129.6,3016.0
134.4,2501.0
141.1,1832.0
136.3,2191.0
137.3,1930.0
130.7,2564.0
138.3,1594.0
125.3,3082.0
132.7,2015.0
133.8,1711.0
129.0,2252.0
130.9,1802.0
132.5,1105.0
121.6,3066.0
128.3,1588.0
0.0,0.0
124.4,1935.0
121.9,2283.0
120.8,2281.0
118.0,2776.0
116.1,765.0
115.9,2876.0
113.1,911.0
112.3,1922.0
111.0,1743.0
107.0,1701.0
102.1,905.0
99.7,978.0
90.6,746.0
94.7,1125.0
0.0,0.0
0.0,0.0
89.2,1010.0
91.8,1885.0
88.0,1437.0
83.3,1380.0
75.3,1144.0
76.1,1370.0
72.5,1163.0
67.8,1026.0
0.0,0.0
50.2,824.0
56.5,874.0
60.1,789.0
61.0,954.0
66.4,659.0
66.8,747.0
69.4,667.0
71.2,793.0
71.4,1046.0
73.4,948.0
75.6,843.0
77.4,812.0
78.8,831.0
83.2,713.0
84.3,756.0
84.3,937.0
87.8,896.0
90.2,803.0
91.9,960.0
93.3,971.0
96.1,846.0
95.0,1345.0
100.1,919.0
99.8,1110.0
101.5,1088.0
0.0,0.0
103.9,1301.0
103.8,1476.0
110.5,959.0
112.0,1220.0
109.3,1885.0
121.5,1153.0
125.1,1007.0
130.9,758.0
124.9,1681.0
144.4,853.0
126.4,2187.0
122.5,2643.0
139.9,1496.0
115.4,3652.0
145.1,1487.0
128.7,2601.0
0.0,0.0
144.0,1685.0
168.3,807.0
129.8,2727.0
137.8,2138.0
151.1,1391.0
128.6,2873.0
129.7,2792.0
144.4,1727.0
129.9,2785.0
0.0,0.0
151.8,1254.0
139.4,1992.0
131.9,2580.0
130.4,2699.0
134.8,2278.0
135.2,2213.0
126.2,3073.0
126.3,3040.0
124.5,3223.0
136.1,1945.0
138.4,1660.0
122.9,3312.0
130.5,2324.0
139.8,1053.0
0.0,0.0
127.1,2318.0
123.5,2749.0
123.8,2592.0
129.3,1543.0
128.2,1535.0
127.7,1391.0
121.9,2179.0
119.5,2524.0
122.3,1526.0
122.0,896.0
118.8,1415.0
116.3,596.0
112.7,449.0
111.9,488.0
113.6,1479.0
111.9,2157.0
107.9,537.0
107.8,715.0
103.1,690.0
101.1,643.0
101.0,836.0
95.0,517.0
97.9,1087.0
87.8,705.0
93.0,1796.0
82.4,771.0
79.4,774.0
72.0,406.0
74.9,650.0
68.4,443.0
66.6,439.0
67.6,575.0
64.2,475.0
63.6,526.0
63.9,858.0
61.3,781.0
60.9,859.0
53.5,494.0
50.0,413.0
50.4,578.0
45.8,431.0
40.6,410.0
43.4,615.0
35.1,442.0
21.7,473.0
18.6,474.0
9.2,398.0
10.7,397.0
18.9,333.0
23.2,321.0
24.1,735.0
35.6,308.0
0.0,0.0
87.2,445.0
90.4,811.0
92.4,744.0
90.5,1259.0
95.6,905.0
0.0,0.0
101.9,1010.0
101.7,1204.0
101.4,1570.0
0.0,0.0
0.0,0.0
147.4,1177.0
155.5,680.0
158.9,415.0
157.5,411.0
134.9,1940.0
149.1,853.0
152.8,473.0
151.6,451.0
132.9,1993.0
144.4,808.0
145.3,553.0
144.3,468.0
131.7,1826.0
136.7,1156.0
138.8,727.0
138.3,502.0
136.9,447.0
127.7,1842.0
132.0,1008.0
132.0,718.0
130.8,438.0
129.1,401.0
122.4,2036.0
125.0,1224.0
125.0,684.0
123.2,440.0
121.8,466.0
120.7,762.0
