DATETIME,INBOUND_LATITUDE,OUTBOUND_LATITUDE
1978-12-05 15:11:12,39.7,1.5
1978-12-06 14:21:42,52.1,-15.8
1978-12-07 14:31:46,45.9,-13.0
1978-12-08 14:40:12,59.6,-18.7
1978-12-09 14:48:14,0.0,-35.3
1978-12-11 15:04:10,47.4,-13.0
1978-12-12 15:11:51,51.0,-21.1
1978-12-13 15:19:28,39.9,-12.3
1978-12-14 15:28:58,51.1,-16.0
1978-12-15 15:38:23,41.8,-6.0
1978-12-16 15:47:36,58.7,-17.1
1978-12-17 15:56:41,43.7,-12.5
1978-12-18 16:05:40,48.9,-14.1
1978-12-20 16:23:22,56.0,-23.6
1978-12-21 16:31:58,0.0,-23.5
1978-12-22 16:40:26,46.7,-21.7
1978-12-23 16:48:46,59.8,-25.4
1978-12-24 16:57:01,55.6,-26.0
1978-12-25 17:05:12,57.6,-26.1
1978-12-26 17:13:23,52.0,-19.5
1978-12-27 17:21:31,48.7,-20.7
1978-12-28 17:29:35,55.9,-25.5
1978-12-29 17:37:40,51.0,-6.2
1978-12-30 17:45:41,60.3,-22.1
1978-12-31 17:53:40,57.2,-27.2
1979-01-01 18:01:37,58.1,-3.1
1979-01-03 18:17:24,64.1,-25.7
1979-01-04 18:22:26,0.0,-22.7
1979-01-05 18:27:21,65.8,-38.3
1979-01-06 18:32:15,0.0,-24.3
1979-01-07 18:37:09,71.9,-34.6
1979-01-08 18:42:02,55.1,-40.6
1979-01-09 18:46:54,68.6,-42.2
1979-01-10 18:51:47,0.0,-36.4
1979-01-11 18:56:33,55.0,-29.2
1979-01-12 19:00:55,42.0,-40.1
1979-01-14 19:09:34,0.0,-32.5
1979-01-15 19:13:53,30.8,-6.6
1979-01-16 19:18:12,36.3,-31.8
1979-01-17 19:22:23,58.0,-25.5
1979-01-18 19:25:56,0.0,-51.1
1979-01-19 19:29:28,54.2,-33.1
1979-01-21 19:36:30,41.8,-17.9
1979-01-22 19:40:02,60.7,-23.0
1979-01-23 19:43:34,24.8,-27.5
1979-01-24 19:46:53,58.1,-47.1
1979-01-25 19:49:20,0.0,-38.1
1979-01-26 19:51:45,48.6,-46.3
1979-01-27 19:54:10,46.0,-24.5
1979-01-29 19:58:58,55.3,-11.9
1979-01-30 20:01:23,60.5,-26.8
1979-01-31 20:03:34,64.1,-54.3
1979-02-01 20:04:31,70.5,0.0
1979-02-02 20:05:24,65.3,-41.3
1979-02-03 20:06:15,0.0,-40.8
1979-02-04 20:07:05,60.1,0.0
1979-02-06 20:08:47,58.5,-46.5
1979-02-07 20:09:23,67.3,0.0
1979-02-08 20:09:05,60.4,-40.0
1979-02-09 20:08:46,49.6,-43.7
1979-02-10 20:08:26,64.0,-33.1
1979-02-11 20:08:05,0.0,-29.9
1979-02-12 20:07:44,0.0,-42.7
1979-02-13 20:07:23,0.0,-33.2
1979-02-14 20:06:48,62.0,-25.3
1979-02-15 20:05:23,54.5,0.0
1979-02-16 20:03:55,63.0,0.0
1979-02-19 19:59:27,52.5,-19.2
1979-02-20 19:57:57,61.1,0.0
1979-02-21 19:56:14,59.3,-28.0
1979-02-22 19:53:44,57.3,-17.9
1979-02-23 19:51:13,54.6,-49.1
1979-02-24 19:48:39,0.0,-54.4
1979-02-25 19:46:03,64.1,-40.6
1979-02-26 19:43:27,67.1,-47.7
1979-02-27 19:40:42,26.5,8.2
1979-02-28 19:37:25,51.6,-46.4
1979-03-01 19:34:05,46.6,-31.2
1979-03-02 19:30:40,61.6,-26.9
1979-03-03 19:27:13,-62.7,-66.6
1979-03-04 19:23:43,65.7,-39.7
1979-03-05 19:20:13,69.4,0.0
1979-03-06 19:16:41,37.4,-5.3
1979-03-07 19:13:08,62.8,-28.0
1979-03-08 19:09:34,60.4,-26.7
1979-03-09 19:05:59,45.4,-32.0
1979-03-10 19:02:23,55.1,-21.5
1979-03-11 18:58:47,60.2,-31.0
1979-03-12 18:55:09,60.9,-23.6
1979-03-13 18:51:31,54.4,-28.2
1979-03-14 18:56:09,68.7,-41.7
1979-03-15 19:00:46,53.9,-32.0
1979-03-16 19:05:23,48.0,-6.4
1979-03-17 19:09:58,51.5,-31.8
1979-03-18 19:14:33,60.7,-18.3
1979-03-19 19:19:07,66.7,-30.2
1979-03-20 19:23:41,62.9,-25.2
1979-03-21 19:28:13,62.1,0.0
1979-03-22 19:32:45,49.2,-44.6
1979-03-23 19:37:16,46.3,-24.7
1979-03-24 19:41:45,64.2,-32.2
1979-03-25 19:46:14,69.5,-36.3
1979-03-26 19:50:41,68.6,-30.9
1979-03-27 19:55:08,56.7,-29.9
1979-03-28 19:59:34,58.7,-26.6
1979-03-29 20:03:58,56.3,0.0
1979-03-30 20:08:21,71.9,-21.2
1979-03-31 20:12:44,41.7,-12.6
1979-04-01 20:17:04,58.4,-23.7
1979-04-02 20:21:24,68.8,-22.9
1979-04-03 20:25:41,69.9,-21.8
1979-04-04 20:29:57,70.7,-25.9
1979-04-05 20:34:11,61.9,-24.4
1979-04-06 20:38:23,61.1,-27.2
1979-04-07 20:42:32,46.5,-13.5
1979-04-08 20:46:38,60.5,-31.3
1979-04-09 20:50:40,53.3,-18.9
1979-04-10 20:54:39,67.5,-32.0
1979-04-11 20:58:33,56.8,-18.6
1979-04-12 21:02:24,48.0,-18.8
1979-04-13 21:06:12,51.5,-23.6
1979-04-14 21:09:54,50.4,-17.8
1979-04-15 21:13:27,54.2,-15.9
1979-04-16 21:16:54,45.3,-13.3
1979-04-17 21:20:12,48.9,-16.7
1979-04-18 21:23:21,52.2,-18.4
1979-04-19 21:26:20,64.1,-28.4
1979-04-20 21:29:10,52.2,-12.2
1979-04-21 21:31:54,59.7,-16.6
1979-04-22 21:34:31,46.4,-18.3
1979-04-23 21:37:01,49.6,-14.1
1979-04-24 21:39:24,60.0,-18.7
1979-04-25 21:41:32,62.2,-21.5
1979-04-26 21:43:17,58.6,-21.2
1979-04-27 21:44:40,49.6,-15.6
1979-04-28 21:45:52,55.1,-15.7
1979-04-29 21:46:52,53.9,-5.7
1979-04-30 21:47:40,47.7,-14.2
1979-05-01 21:47:47,63.3,-21.8
1979-05-02 21:47:38,52.6,-8.6
1979-05-03 21:47:17,53.7,-7.6
1979-05-04 21:46:48,59.6,-9.1
1979-05-05 21:46:13,47.2,-1.9
1979-05-06 21:45:34,50.7,-9.0
1979-05-07 21:44:52,50.9,-8.7
1979-05-08 21:44:00,43.8,-4.1
1979-05-09 21:42:00,53.0,-7.3
1979-05-10 21:39:43,50.1,-0.4
1979-05-11 21:37:14,46.5,-2.6
1979-05-12 21:34:39,57.9,-11.0
1979-05-13 21:31:59,56.0,-5.4
1979-05-14 21:29:15,50.9,-7.3
1979-05-15 21:26:32,51.0,-5.2
1979-05-16 21:23:29,50.0,-6.4
1979-05-17 21:19:45,38.6,-0.2
1979-05-18 21:15:45,63.9,-14.6
1979-05-19 21:11:38,47.4,-4.4
1979-05-20 21:07:28,43.1,-3.2
1979-05-21 21:03:15,46.0,-4.4
1979-05-22 20:59:00,55.5,-9.0
1979-05-23 20:54:44,39.5,-0.9
1979-05-24 20:50:11,40.9,-2.1
1979-05-25 20:44:13,47.5,-3.4
1979-05-26 20:38:02,52.0,-3.9
1979-05-28 20:25:18,49.8,-0.9
1979-05-29 20:18:42,36.0,1.0
1979-05-30 20:11:08,35.2,-2.9
1979-05-31 20:03:05,43.2,-0.7
1979-06-01 20:11:33,51.0,-2.8
1979-06-02 20:19:40,34.8,-0.3
1979-06-03 20:27:45,38.5,0.0
1979-06-05 20:43:49,44.1,-8.2
1979-06-06 20:51:33,44.8,-5.2
1979-06-07 20:57:58,55.9,-8.2
1979-06-08 21:04:07,50.0,-6.5
1979-06-09 21:10:06,49.8,-1.6
1979-06-10 21:16:00,43.4,1.5
1979-06-11 21:21:48,48.1,0.2
1979-06-12 21:27:33,37.9,-8.0
1979-06-13 21:33:15,35.6,-0.6
1979-06-14 21:38:44,17.4,17.4
1979-06-15 21:42:52,36.2,0.1
1979-06-16 21:46:41,38.9,-3.0
1979-06-17 21:50:17,40.1,-2.0
1979-06-19 21:57:02,49.4,-2.7
1979-06-20 22:00:16,54.0,-9.6
1979-06-21 22:03:26,52.7,-0.5
1979-06-22 22:06:26,48.0,-5.8
1979-06-23 22:08:18,37.4,1.7
1979-06-24 22:09:54,34.4,-2.7
1979-06-25 22:11:14,46.8,-2.1
1979-06-26 22:12:21,61.1,-16.5
1979-06-27 22:13:18,40.0,-7.3
1979-06-28 22:14:05,53.2,-11.4
1979-06-29 22:14:45,42.9,-0.8
1979-06-30 22:15:18,53.7,-6.5
1979-07-01 22:15:45,35.4,-3.5
1979-07-02 22:16:06,38.2,2.5
1979-07-03 22:16:21,48.0,-2.1
1979-07-04 22:16:32,38.5,0.0
1979-07-05 22:16:38,42.4,-8.1
1979-07-06 22:16:44,36.2,-11.6
1979-07-07 22:16:36,43.7,-6.1
1979-07-08 22:16:28,35.3,-12.1
1979-07-11 22:15:34,63.5,-13.7
1979-07-12 22:15:10,56.5,-19.1
1979-07-13 22:14:34,40.3,-9.0
1979-07-14 22:13:56,50.3,-16.8
1979-07-15 22:13:13,47.2,-14.1
1979-07-16 22:12:24,57.2,-30.1
1979-07-17 22:11:29,54.0,-25.5
1979-07-18 22:10:28,52.1,-25.8
1979-07-19 22:09:21,46.1,-22.5
1979-07-20 22:08:06,54.2,-23.1
1979-07-21 22:06:45,41.1,-6.4
1979-07-22 22:05:16,44.3,-11.9
1979-07-23 22:03:40,45.9,-9.2
1979-07-24 22:01:57,50.2,-12.6
1979-07-25 22:04:11,57.1,-23.5
1979-07-26 22:06:17,49.4,-17.1
1979-07-27 22:08:17,56.8,-18.5
1979-07-28 22:10:08,56.6,-30.6
1979-07-29 22:11:50,50.6,-14.0
1979-07-30 22:13:26,53.9,-17.2
1979-07-31 22:14:55,58.3,-27.6
1979-08-01 22:16:16,55.5,-17.4
1979-08-02 22:17:32,63.4,-22.5
1979-08-03 22:18:42,58.9,-17.8
1979-08-04 22:19:47,65.5,-21.7
1979-08-05 22:20:48,61.3,-24.5
1979-08-06 22:21:47,60.4,-30.4
1979-08-07 22:22:41,65.0,-29.1
1979-08-08 22:23:34,55.4,-17.2
1979-08-09 22:24:22,56.5,-22.9
1979-09-13 22:49:17,53.4,0.0
1979-09-15 22:45:33,58.5,-17.0
1979-09-17 23:07:11,34.0,-46.8
1979-09-21 23:47:03,47.9,-48.6
1979-09-24 00:05:37,0.0,-61.2
1979-09-25 00:14:55,50.6,0.0
1979-09-27 00:33:13,64.7,0.0
1979-09-28 00:41:21,50.2,-33.4
1979-09-30 00:57:31,51.1,0.0
1979-10-01 01:05:34,39.1,-4.9
1979-10-02 01:13:37,48.5,-12.9
1979-10-04 01:29:30,66.0,-43.6
1979-10-05 01:36:30,46.6,-51.3
1979-10-07 01:50:18,61.2,-24.4
1979-10-08 01:57:10,64.3,-24.0
1979-10-09 02:04:01,63.0,-49.1
1979-10-11 02:17:35,64.7,-39.6
1979-10-12 02:23:59,54.5,-44.5
1979-10-13 02:30:23,0.0,-52.9
1979-10-16 02:49:24,61.6,-46.5
1979-10-18 03:01:58,60.8,41.3
1979-10-19 03:08:14,52.1,-35.8
1979-10-20 03:14:28,70.0,-39.0
1979-10-21 03:20:41,59.0,-43.0
1979-10-22 03:26:53,60.9,-43.8
1979-10-23 03:33:04,67.2,-35.1
1979-10-24 03:39:14,65.0,-39.3
1979-10-25 03:45:24,50.0,-20.7
1979-10-26 03:51:32,35.1,-20.2
1979-10-29 04:09:53,62.6,0.0
1979-10-30 04:15:58,0.0,-41.1
1979-11-01 04:28:06,36.8,-22.4
1979-11-02 04:34:07,52.4,-42.5
1979-11-05 04:52:07,70.1,0.0
1979-11-06 04:58:05,65.5,-33.9
1979-11-07 05:04:01,54.2,-21.4
1979-11-08 05:09:56,69.0,-22.6
1979-11-09 05:15:50,61.0,-22.3
1979-11-10 05:21:42,72.9,0.0
1979-11-11 05:27:31,51.3,0.0
1979-11-13 05:39:03,61.4,0.0
1979-11-14 05:44:46,55.7,0.0
1979-11-16 05:56:03,69.0,-32.4
1979-11-17 06:01:36,55.7,0.0
1979-11-18 06:07:05,49.4,-22.5
1979-11-19 06:12:31,62.7,-38.7
1979-11-20 06:17:53,54.7,-32.6
1979-11-21 06:23:11,66.0,-32.7
1979-11-22 06:28:24,48.7,-24.6
1979-11-23 06:33:31,39.0,-19.4
1979-11-24 06:38:32,50.9,-37.8
1979-11-25 06:43:26,0.0,-17.1
1979-11-26 06:48:11,58.1,-17.7
1979-11-27 06:52:46,61.2,-26.0
1979-11-28 06:57:10,60.5,0.0
1979-11-29 07:01:22,69.9,-36.6
1979-11-30 07:05:23,61.3,-23.9
1979-12-01 07:09:13,69.0,-37.9
1979-12-02 07:12:48,65.1,-26.9
1979-12-03 07:16:12,66.0,-39.7
1979-12-04 07:19:25,74.5,-43.2
1979-12-05 07:22:29,70.7,-39.9
1979-12-06 07:25:23,62.9,-28.9
1979-12-07 07:28:09,53.1,-25.2
1979-12-08 07:30:49,60.3,-24.5
1979-12-09 07:33:23,61.4,-23.6
1979-12-10 07:35:53,68.3,-35.2
1979-12-11 07:38:19,61.7,-30.1
1979-12-12 07:40:35,54.2,-15.0
1979-12-13 07:41:58,64.6,-21.6
1979-12-14 07:43:06,57.7,-23.6
1979-12-15 07:44:02,44.0,-8.1
1979-12-16 07:44:49,58.5,-16.4
1979-12-17 07:45:30,49.4,-10.1
1979-12-18 07:46:07,47.7,-8.5
1979-12-19 07:46:36,56.7,-10.0
1979-12-20 07:46:11,46.6,-9.9
1979-12-21 07:45:37,55.8,-16.0
1979-12-22 07:44:54,60.5,-16.0
1979-12-23 07:44:06,47.1,-9.4
1979-12-24 07:43:13,53.1,-7.7
1979-12-25 07:42:18,38.6,-8.4
1979-12-26 07:41:21,51.8,-0.2
1979-12-27 07:40:22,60.0,-15.0
1979-12-28 07:39:09,64.0,-21.0
1979-12-29 07:36:41,44.5,-9.6
1979-12-30 07:33:59,54.2,-11.3
1979-12-31 07:31:10,48.2,-12.8
1980-01-01 07:28:14,53.4,-8.7
1980-01-02 07:25:16,60.1,-11.2
1980-01-03 07:22:14,58.6,-14.6
1980-01-04 07:18:59,57.5,-13.0
1980-01-05 07:14:31,46.0,-6.7
1980-01-06 07:09:51,60.2,-17.5
1980-01-07 07:05:03,51.5,-9.7
1980-01-08 07:00:10,60.0,-14.3
1980-01-09 06:55:07,59.1,-22.9
1980-01-09 06:55:07,59.1,-22.9
1980-01-10 07:01:16,62.1,-21.1
1980-01-11 07:07:15,36.7,-4.3
1980-01-12 07:13:07,42.5,-0.8
1980-01-13 07:18:54,39.2,-3.0
1980-01-14 07:24:37,37.6,-11.8
1980-01-16 07:35:47,40.2,-6.7
1980-01-17 07:39:57,40.0,-4.4
1980-01-18 07:43:55,38.5,-5.5
1980-01-19 07:47:42,46.5,-7.0
1980-01-20 07:51:24,43.4,-1.4
1980-01-21 07:55:02,39.3,-2.1
1980-01-22 07:58:36,47.2,-2.9
1980-01-23 08:01:57,32.9,-7.4
1980-01-24 08:03:53,50.3,-5.6
1980-01-25 08:05:23,39.0,-2.0
1980-01-26 08:06:38,46.0,-2.9
1980-01-27 08:07:41,58.1,-22.4
1980-01-28 08:08:35,53.6,-16.4
1980-01-29 08:09:21,59.0,-19.6
1980-01-30 08:09:54,66.5,-36.3
1980-01-31 08:09:37,73.4,-50.6
1980-02-01 08:09:01,49.2,-7.0
1980-02-02 08:08:10,45.6,-10.9
1980-02-03 08:07:09,45.8,-9.5
1980-02-04 08:05:58,50.3,-11.7
1980-02-05 08:04:40,45.9,-5.7
1980-02-06 08:03:21,52.0,-20.5
1980-02-07 08:08:13,39.9,-1.6
1980-02-08 08:13:07,37.2,-2.4
1980-02-09 08:17:55,46.5,-10.9
1980-02-10 08:22:39,51.5,-16.7
1980-02-11 08:27:19,46.1,-12.4
1980-02-12 08:31:55,34.7,-3.3
1980-02-13 08:36:27,0.0,-4.3
1980-02-15 08:45:21,46.2,-9.7
1980-02-16 08:49:43,49.4,-8.8
1980-02-17 08:54:01,48.1,-11.6
1980-02-18 08:58:15,47.2,-11.0
1980-02-19 09:02:26,43.9,-9.6
1980-02-20 09:06:34,47.7,-12.1
1980-02-21 09:10:38,48.4,-11.8
1980-02-22 09:14:38,56.6,-29.1
1980-02-23 09:18:35,62.6,-30.9
1980-02-24 09:22:27,49.0,-21.2
1980-02-25 09:26:14,52.7,-25.6
1980-02-26 09:29:57,48.4,-25.4
1980-02-27 09:33:35,51.3,-14.7
1980-02-28 09:37:08,45.1,-19.2
1980-02-29 09:40:36,55.1,-27.9
1980-03-01 09:43:59,63.8,-38.1
1980-03-02 09:47:15,50.9,-21.9
1980-03-03 09:50:26,54.1,-30.7
1980-03-04 09:53:31,48.6,-26.5
1980-03-05 09:56:29,55.1,-31.6
1980-03-06 09:59:24,62.2,-38.3
1980-03-07 10:02:08,42.5,-25.9
1980-03-08 10:04:49,58.5,-29.5
1980-03-09 10:07:24,59.5,-26.3
1980-03-10 10:09:53,51.1,-23.5
1980-03-11 10:12:15,43.3,-15.5
1980-03-12 10:14:32,49.3,-18.7
1980-03-13 10:16:44,54.1,-24.1
1980-03-14 10:18:50,46.2,-19.3
1980-03-15 10:20:53,50.0,-35.5
1980-03-16 10:22:51,56.7,-24.5
1980-03-17 10:24:46,52.1,-18.4
1980-03-18 10:26:38,0.0,-35.4
1980-03-19 10:28:28,53.4,-17.6
1980-03-20 10:30:16,55.8,-25.0
1980-03-21 10:32:04,63.5,-18.1
1980-03-22 10:33:50,64.9,-30.5
1980-03-23 10:35:35,60.0,-40.3
1980-03-24 10:37:19,65.3,-34.9
1980-03-25 10:39:04,61.8,-25.1
1980-03-26 10:40:47,59.0,-24.4
1980-03-27 10:42:31,51.2,-25.5
1980-03-28 10:44:14,60.7,-47.7
1980-03-29 10:45:58,57.6,-35.0
1980-03-30 10:47:42,64.7,-31.4
1980-03-31 10:49:26,56.0,-39.3
1980-04-01 10:51:10,67.2,-44.7
1980-04-02 10:52:43,57.2,-20.1
1980-04-03 10:53:41,63.8,-39.7
1980-04-04 10:54:37,67.8,-29.5
1980-04-05 10:55:33,62.2,-21.4
1980-04-06 10:56:28,61.5,-26.3
1980-04-07 10:57:24,52.8,-21.8
1980-04-08 10:58:19,46.7,-33.1
1980-04-09 10:59:04,66.9,-30.8
1980-04-10 10:59:05,67.0,-35.4
1980-04-11 10:59:00,61.7,-42.3
1980-04-12 10:58:53,58.7,-50.7
1980-04-13 10:58:46,55.3,-39.7
1980-04-14 10:58:38,0.0,-36.6
1980-04-15 10:58:31,54.3,-34.8
1980-04-16 10:58:11,55.8,-33.1
1980-04-17 10:56:58,59.9,-30.1
1980-04-18 10:55:38,66.8,-50.3
1980-04-19 10:54:17,62.6,-45.6
1980-04-20 10:52:56,0.0,-46.5
1980-04-21 10:51:34,51.6,-42.9
1980-04-22 10:50:13,57.1,-35.9
1980-04-23 10:48:38,65.2,-56.3
1980-04-24 10:46:02,63.8,-40.5
1980-04-25 10:43:25,57.0,-46.3
1980-04-26 10:40:46,52.7,-48.4
1980-04-27 10:38:07,54.0,-35.3
1980-04-28 10:35:27,56.6,-53.6
1980-04-29 10:32:47,61.7,-57.4
1980-04-30 10:29:52,-36.8,-55.1
1980-05-01 10:26:04,54.5,-22.0
1980-05-02 10:22:12,66.3,-37.7
1980-05-03 10:18:18,56.9,-43.1
1980-05-04 10:14:25,61.7,-43.0
1980-05-05 10:10:31,52.8,-49.0
1980-05-07 10:02:30,62.6,-44.8
1980-05-08 09:57:35,62.1,-39.1
1980-05-09 09:52:39,55.8,-36.7
1980-05-10 09:47:41,56.3,-46.9
1980-05-11 09:42:43,65.2,-45.1
1980-05-12 09:37:43,69.3,-32.1
1980-05-13 09:32:43,64.6,-39.8
1980-05-14 09:27:31,69.7,-45.9
1980-05-15 09:28:45,71.0,-43.5
1980-05-16 09:29:51,68.6,-51.9
1980-05-17 09:30:55,68.0,-32.7
1980-05-18 09:31:57,58.5,-48.4
1980-05-19 09:32:57,62.4,-48.8
1980-05-20 09:33:56,56.6,-53.0
1980-05-21 09:34:52,54.0,-53.5
1980-05-22 09:41:10,56.3,-48.6
1980-05-23 09:47:28,61.5,-47.0
1980-05-25 10:00:00,62.6,-51.6
1980-05-26 10:06:14,57.2,-55.0
1980-05-27 10:12:28,73.1,-30.9
1980-05-28 10:18:41,67.8,-45.7
1980-05-29 10:24:53,57.2,-20.5
1980-05-30 10:31:05,62.3,0.0
1980-05-31 10:37:15,57.1,-33.9
1980-06-01 10:43:25,61.1,-38.2
1980-06-02 10:49:34,66.0,-34.0
1980-06-03 10:55:42,60.9,-39.9
1980-06-04 11:01:50,62.1,-36.0
1980-06-05 11:07:56,52.6,-24.1
1980-06-06 11:14:02,67.9,-24.4
1980-06-07 11:20:07,60.5,-32.2
1980-06-08 11:26:11,62.3,-35.7
1980-06-09 11:32:14,66.9,-33.1
1980-06-10 11:38:16,47.9,-16.7
1980-06-11 11:44:18,68.5,-19.8
1980-06-12 11:50:19,69.4,-48.0
1980-06-13 11:56:18,72.6,-33.2
1980-06-14 12:02:17,61.2,-21.4
1980-06-15 12:08:15,70.9,-37.8
1980-06-16 12:14:12,66.0,0.0
1980-06-17 12:20:08,56.9,-33.6
1980-06-18 12:26:03,53.7,-39.4
1980-06-19 12:31:57,51.3,-31.0
1980-06-20 12:37:50,58.1,-42.2
1980-06-21 12:43:42,59.4,-39.7
1980-06-22 12:49:34,63.5,-30.7
1980-06-24 13:01:13,55.8,-26.6
1980-06-25 13:07:00,57.7,-35.2
1980-06-26 13:12:44,74.6,-42.7
1980-06-27 13:18:26,58.5,-28.7
1980-06-28 13:24:04,66.6,-27.0
1980-06-29 13:29:38,66.5,-27.4
1980-06-30 13:35:10,63.6,0.0
1980-07-01 13:40:40,57.4,-24.9
1980-07-02 13:46:06,62.3,-23.5
1980-07-03 13:51:29,57.8,-21.1
1980-07-04 13:56:48,50.5,-17.7
1980-07-05 14:02:01,38.5,-11.6
1980-07-06 14:07:08,57.3,-21.9
1980-07-07 14:12:08,68.4,-24.0
1980-07-08 14:17:00,52.2,-20.3
1980-07-09 14:21:42,67.6,-22.3
1980-07-10 14:26:13,57.9,-24.3
1980-07-11 14:30:33,63.2,-12.9
1980-07-12 14:34:44,55.8,-20.4
1980-07-13 14:38:43,63.5,-29.8
1980-07-14 14:42:34,49.5,-17.7
1980-07-15 14:46:15,63.2,-33.4
1980-07-16 14:49:48,49.5,-13.8
1980-07-17 14:53:15,55.1,-23.2
1980-07-18 14:56:33,60.1,-31.2
1980-07-19 14:59:46,59.1,-18.5
1980-07-20 15:02:53,61.3,-34.4
1980-07-21 15:05:56,51.1,-15.7
1980-07-22 15:08:54,68.4,-34.5
1980-07-23 15:11:49,62.7,-27.7
1980-07-24 15:14:40,58.6,-18.3
1980-07-26 15:20:17,62.7,-27.3
1980-07-27 15:23:03,45.4,-11.6
1980-07-28 15:25:49,38.1,-8.0
1980-07-29 15:28:33,60.8,-30.1
1980-07-30 15:31:16,56.0,-24.4
1980-07-31 15:33:59,64.4,-18.9
1980-08-01 15:36:43,49.0,-18.4
1980-08-02 15:39:26,45.4,-8.1
1980-08-03 15:42:09,57.2,-7.3
1980-08-04 15:44:53,57.6,-8.6
1980-08-05 15:47:37,49.6,-3.6
1980-08-06 15:50:21,40.2,-9.0
1980-08-07 15:53:06,50.1,-7.8
1980-08-08 15:55:51,39.6,-1.6
1980-08-09 15:58:37,52.1,-9.3
1980-08-10 16:01:23,38.6,0.5
1980-08-11 16:04:09,41.9,-2.3
1980-08-12 16:06:56,53.1,-14.1
1980-08-13 16:09:44,41.4,-1.4
1980-08-14 16:12:32,32.0,3.3
1980-08-15 16:15:20,39.4,-2.5
1980-08-16 16:18:09,50.5,-13.3
1980-08-17 16:20:58,35.9,-1.0
1980-08-18 16:23:47,52.1,-8.5
1980-08-19 16:26:37,43.1,-8.0
1980-08-20 16:29:28,47.3,-8.0
1980-08-21 16:32:18,32.6,4.3
1980-08-22 16:35:09,37.6,0.5
1980-08-23 16:38:01,31.1,1.5
1980-08-24 16:40:52,0.0,6.0
1980-08-25 16:43:44,52.4,-9.5
1980-08-26 16:46:36,41.5,-1.6
1980-08-27 16:49:28,24.7,4.0
1980-08-28 16:52:20,27.2,0.0
1980-08-29 16:55:13,32.2,3.6
1980-08-30 16:58:05,41.3,-2.8
1980-08-31 17:00:58,0.0,5.2
1980-09-01 17:03:51,36.6,4.0
1980-09-04 17:12:29,20.5,16.1
1980-09-05 17:15:22,24.0,8.4
1980-09-06 17:18:14,32.0,20.1
1980-09-08 17:23:58,24.2,14.0
1980-09-09 17:26:50,36.6,7.1
1980-09-10 17:29:41,19.8,8.4
1980-09-15 17:43:53,34.4,-7.5
1980-09-16 17:46:42,24.0,2.6
1980-09-17 17:49:31,20.6,13.0
1980-09-18 17:52:19,23.6,7.5
1980-09-19 17:55:07,22.1,-1.2
1980-09-20 17:57:54,31.5,11.8
1980-09-21 18:00:40,0.0,8.8
1980-09-22 18:03:26,45.6,-7.8
1980-09-23 18:06:12,36.6,7.4
1980-09-24 18:08:57,27.5,12.3
1980-09-25 18:11:41,33.9,-4.1
1980-09-26 18:14:25,39.8,35.2
1980-09-27 18:17:08,41.9,-17.6
1980-09-28 18:19:50,0.0,5.0
1980-09-29 18:22:32,26.3,8.0
1980-10-01 18:27:53,34.7,-8.7
1980-10-02 18:30:33,34.4,-3.4
1980-10-03 18:33:13,31.4,9.6
1980-10-04 18:35:51,56.4,-23.8
1980-10-05 18:38:29,49.7,-9.3
1980-10-06 18:41:07,44.6,-11.8
1980-10-07 18:43:44,42.7,0.0
1980-10-08 18:46:20,22.0,7.2
1980-10-09 18:48:56,0.0,-19.4
1980-10-11 18:54:06,36.5,-1.4
1980-10-12 18:56:41,0.0,-10.5
1980-10-13 18:59:15,38.6,-12.0
1980-10-16 19:06:54,46.1,-19.2
1980-10-18 19:11:58,45.1,-22.1
1980-10-19 19:14:30,58.5,-28.8
1980-10-21 19:19:33,56.1,-27.8
1980-10-22 19:22:04,32.8,-1.8
1980-10-25 19:29:37,43.7,-23.6
1980-10-27 19:34:39,40.1,-22.8
1980-10-28 19:37:09,52.8,-16.4
1980-10-29 19:39:40,56.3,-22.4
1980-10-30 19:42:11,0.0,-21.0
1980-10-31 19:44:42,55.7,0.0
1980-11-01 19:47:14,55.1,-17.7
1980-11-02 19:49:45,55.3,0.0
1980-11-03 19:52:17,61.6,0.0
1980-11-04 19:54:49,56.8,0.0
1980-11-05 19:57:21,28.8,1.1
1980-11-06 19:59:54,55.9,-19.8
1980-11-07 20:02:27,40.0,-25.4
1980-11-08 20:05:00,50.7,-31.9
1980-11-09 20:07:34,0.0,-23.7
1980-11-10 20:10:08,15.3,-10.0
1980-11-14 20:20:30,40.8,0.0
1980-11-15 20:23:07,56.4,-34.4
1980-11-16 20:25:44,72.9,-25.6
1980-11-17 20:28:22,60.5,-16.3
1980-11-18 20:31:01,59.7,-21.1
1980-11-19 20:33:40,29.4,-26.0
1980-11-20 20:36:20,0.0,-1.6
1980-11-24 20:47:04,31.8,0.0
1980-11-25 20:49:47,31.5,-50.0
1980-11-26 20:52:31,36.1,-33.9
1980-11-27 20:55:14,50.8,-29.4
1980-11-29 21:00:44,39.2,0.0
1980-12-01 21:06:16,56.6,-39.1
1980-12-02 21:09:03,42.6,-21.9
1980-12-03 21:11:50,28.8,-37.2
1980-12-04 21:14:38,6.5,-32.9
1980-12-05 21:17:26,38.6,-37.9
1980-12-06 21:20:15,44.7,-35.2
1980-12-07 21:23:04,58.7,-50.3
1980-12-08 21:25:53,45.0,-41.5
1980-12-10 21:31:33,44.2,-3.7
1980-12-11 21:34:24,53.1,-27.6
1980-12-12 21:37:14,60.8,-46.1
1980-12-13 21:40:05,33.4,-39.2
1980-12-14 21:42:56,59.6,-34.3
1980-12-15 21:45:48,0.0,-46.0
1980-12-16 21:48:39,43.2,-36.0
1980-12-17 21:51:31,59.0,-37.9
1980-12-18 21:54:23,64.0,-35.4
1980-12-19 21:57:14,69.2,-37.6
1980-12-20 22:00:06,63.4,-37.9
1980-12-21 22:02:58,14.4,-28.5
1980-12-22 22:05:50,67.9,-33.5
1980-12-23 22:08:41,51.5,-43.0
1980-12-24 22:11:33,45.3,-46.8
1980-12-25 22:14:24,60.7,0.0
1980-12-26 22:17:16,43.5,-42.7
1980-12-27 22:20:07,59.7,-47.1
1980-12-28 22:22:58,63.6,0.0
1980-12-29 22:25:48,46.7,-31.1
1980-12-30 22:28:38,56.7,-20.6
1980-12-31 22:31:28,57.3,-37.9
1981-01-01 22:34:18,57.6,-37.3
1981-01-02 22:37:07,48.7,-40.3
1981-01-03 22:39:56,58.3,-31.4
1981-01-04 22:42:44,0.0,-48.2
1981-01-05 22:45:32,47.5,-27.9
1981-01-06 22:48:20,35.3,-38.3
1981-01-07 22:51:07,56.8,-36.9
1981-01-08 22:53:54,24.4,-19.4
1981-01-10 22:59:25,60.6,-23.3
1981-01-11 23:02:10,68.8,-35.8
1981-01-12 23:04:54,54.7,-24.3
1981-01-13 23:07:38,70.5,0.0
1981-01-14 23:10:21,68.5,-35.8
1981-01-15 23:13:04,61.3,0.0
1981-01-16 23:15:46,51.5,-13.0
1981-01-17 23:18:27,50.7,-36.0
1981-01-18 23:21:08,69.7,-47.6
1981-01-19 23:23:48,63.7,-30.1
1981-01-20 23:26:28,52.6,-5.7
1981-01-21 23:29:07,34.5,-23.5
1981-01-22 23:31:45,41.9,-13.0
1981-01-23 23:34:23,53.2,-29.7
1981-01-24 23:37:01,30.1,-21.9
1981-01-26 23:42:14,40.0,14.1
1981-01-27 23:44:50,60.0,-25.1
1981-01-28 23:47:25,70.7,11.6
1981-01-29 23:50:00,52.2,24.6
1981-01-30 23:52:34,62.6,-17.5
1981-01-31 23:55:08,28.9,-13.9
1981-02-01 23:57:41,44.7,-29.3
1981-02-03 00:00:15,62.9,-20.7
1981-02-04 00:02:47,54.4,-34.1
1981-02-05 00:05:19,43.6,-8.0
1981-02-06 00:07:08,50.9,-17.0
1981-02-07 00:08:21,54.8,-9.2
1981-02-08 00:09:28,37.3,-17.3
1981-02-09 00:10:38,0.0,-13.4
1981-02-10 00:11:47,36.7,-8.6
1981-02-11 00:12:56,61.0,-22.2
1981-02-12 00:14:05,20.4,6.6
1981-02-13 00:15:14,62.1,-15.4
1981-02-14 00:16:23,52.5,-21.9
1981-02-15 00:17:31,59.2,-33.7
1981-02-16 00:18:40,41.6,-9.5
1981-02-17 00:19:49,55.8,-18.6
1981-02-18 00:20:58,53.6,-11.3
1981-02-19 00:22:06,52.1,0.0
1981-02-20 00:23:15,0.0,-6.2
1981-02-21 00:24:24,42.5,-22.5
1981-02-22 00:25:34,69.2,-33.8
1981-02-23 00:26:43,43.4,-12.3
1981-02-24 00:27:53,34.8,-5.6
1981-02-25 00:29:03,47.2,-13.7
1981-02-26 00:30:13,47.6,-16.1
1981-02-27 00:31:24,41.1,-9.5
1981-02-28 00:32:35,38.1,-2.8
1981-03-01 00:33:47,0.0,7.4
1981-03-02 00:34:58,34.9,2.8
1981-03-03 00:36:11,52.6,-21.1
1981-03-04 00:37:23,54.5,-14.1
1981-03-05 00:38:37,41.7,-4.9
1981-03-07 00:41:05,30.3,5.4
1981-03-08 00:42:20,49.0,-12.3
1981-03-11 00:46:07,29.0,-1.7
1981-03-12 00:47:24,43.7,8.2
1981-03-14 00:50:00,32.8,0.0
1981-03-16 00:52:36,61.7,-25.7
1981-05-08 02:08:24,9.1,0.7
1981-05-09 02:08:22,27.9,2.3
1981-05-17 02:07:40,13.4,3.9
1981-05-18 02:07:32,28.0,10.7
1981-05-25 02:06:20,37.3,-13.6
1981-05-26 02:06:08,23.8,-0.4
1981-05-30 02:05:17,30.6,-15.9
1981-05-31 02:05:03,41.9,-29.1
1981-06-02 02:04:35,49.1,-18.5
1981-06-03 02:04:20,40.2,-12.2
1981-06-04 02:04:06,45.0,-19.8
1981-06-05 02:03:51,33.4,-9.0
1981-06-07 02:03:21,43.8,-27.6
1981-06-08 02:03:06,34.3,-0.8
1981-06-09 02:02:51,51.1,-14.2
1981-06-10 02:02:36,58.1,-21.9
1981-06-11 02:02:21,48.3,-14.2
1981-06-12 02:02:06,35.3,-31.5
1981-06-13 02:01:51,22.1,-5.8
1981-06-14 02:01:37,38.2,-26.4
1981-06-15 02:01:22,26.2,-12.7
1981-06-16 02:01:08,38.5,-5.8
1981-06-17 02:00:54,44.3,11.7
1981-06-18 02:00:41,21.0,3.5
1981-06-20 02:00:15,10.8,4.3
1981-06-21 02:00:02,37.9,-23.7
1981-06-22 01:59:50,40.7,-24.4
1981-06-23 01:59:38,26.7,-11.2
1981-06-24 01:59:27,46.5,-15.9
1981-06-25 01:59:16,48.6,-19.5
1981-06-26 01:59:06,13.7,-27.6
1981-06-27 01:58:56,22.7,-18.6
1981-06-28 01:58:47,14.6,11.8
1981-06-29 01:58:39,33.5,-32.9
1981-06-30 01:58:30,24.0,-5.9
1981-07-01 01:58:22,33.4,-12.0
1981-07-02 01:58:15,42.3,-4.3
1981-07-03 01:58:09,53.3,-18.9
1981-07-04 01:58:03,46.2,-35.5
1981-07-05 01:57:58,43.5,-15.8
1981-07-07 01:57:49,50.5,10.4
1981-07-08 01:57:46,49.2,-23.2
1981-07-09 01:57:43,0.0,-36.0
1981-07-10 01:57:41,42.1,-15.9
1981-07-11 01:57:40,20.8,-33.5
1981-07-12 01:57:39,29.4,-22.8
1981-07-13 01:57:38,27.6,-26.8
1981-07-14 01:57:38,43.9,-32.8
1981-07-15 01:57:39,46.6,-37.0
1981-07-16 01:57:40,28.6,-44.9
1981-07-17 01:57:42,57.8,-51.0
1981-07-18 01:57:44,50.4,-46.9
1981-07-19 01:57:47,0.0,-35.3
1981-07-20 01:57:50,54.5,-34.1
1981-07-21 01:57:54,40.5,-33.0
1981-07-22 01:57:57,39.8,-55.5
1981-07-23 01:58:02,45.6,-45.1
1981-07-24 01:58:07,51.0,-23.0
1981-07-25 01:58:12,37.3,-32.9
1981-07-26 01:58:17,39.4,-34.7
1981-07-27 01:58:23,50.6,-38.2
1981-07-28 01:58:28,56.4,-48.2
1981-07-29 01:58:34,44.9,-38.9
1981-07-30 01:58:40,55.4,-21.7
1981-07-31 01:58:46,48.8,-31.2
1981-08-01 01:58:53,47.4,-44.1
1981-08-02 01:58:59,66.2,-42.0
1981-08-03 01:59:05,52.9,-42.0
1981-08-04 01:59:12,60.0,-32.4
1981-08-05 01:59:18,50.4,-35.2
1981-08-06 01:59:24,46.0,-42.7
1981-08-07 01:59:30,19.8,-38.6
1981-08-08 01:59:36,47.9,-27.6
1981-08-09 01:59:42,39.6,-39.0
1981-08-10 01:59:47,0.0,-27.9
1981-08-11 01:59:52,0.0,-41.7
1981-08-12 01:59:57,55.2,-40.6
1981-08-13 02:00:02,0.0,-32.7
1981-08-14 02:00:06,28.3,-20.5
1981-08-15 02:00:10,52.0,-29.2
1981-08-16 02:00:13,49.9,-7.4
1981-08-17 02:00:17,48.7,-29.9
1981-08-18 02:00:19,55.7,-33.9
1981-08-20 02:00:23,38.1,-34.4
1981-08-21 02:00:24,36.8,-32.5
1981-08-22 02:00:25,27.6,-18.1
1981-08-23 02:00:25,27.6,-18.2
1981-08-24 02:00:25,20.6,-33.4
1981-08-25 02:00:24,58.1,0.0
1981-08-28 02:00:19,66.0,-36.7
1981-08-29 02:00:13,49.0,-35.1
1981-08-30 02:00:08,38.4,0.0
1981-08-31 02:00:03,48.1,0.0
1981-09-01 01:59:57,60.5,-8.5
1981-09-02 01:59:51,44.1,3.5
1981-09-03 01:59:44,66.7,-29.4
1981-09-04 01:59:36,38.9,-22.2
1981-09-05 01:59:28,35.1,-29.9
1981-09-06 01:59:19,46.7,-34.7
1981-09-07 01:59:10,33.9,-31.3
1981-09-08 01:59:00,51.8,0.0
1981-09-09 01:58:50,47.4,-13.8
1981-09-11 01:58:28,64.8,-22.8
1981-09-12 01:58:16,54.9,-23.5
1981-09-13 01:58:04,44.7,-34.6
1981-09-14 01:57:52,55.0,-27.2
1981-09-15 01:57:39,21.9,-8.3
1981-09-16 01:57:25,35.6,-13.1
1981-09-17 01:57:11,45.6,-15.8
1981-09-18 01:56:57,58.7,-16.3
1981-09-19 01:56:43,41.5,0.0
1981-09-20 01:56:28,60.9,0.0
1981-09-22 01:55:58,47.8,-36.3
1981-09-23 01:55:43,0.0,-6.3
1981-09-24 01:55:28,47.8,11.6
1981-09-25 01:55:12,30.1,4.8
1981-09-26 01:54:57,55.5,-23.5
1981-09-27 01:54:41,27.6,-5.2
1981-09-28 01:54:26,26.9,-0.8
1981-09-30 01:53:55,47.4,-13.9
1981-10-01 01:53:40,26.3,0.0
1981-10-02 01:53:25,18.3,9.3
1981-10-04 01:52:55,13.0,13.0
1981-10-07 01:52:11,37.1,-11.2
1981-10-10 01:51:31,35.9,-3.9
1981-10-17 01:50:08,33.9,-9.9
1981-10-18 01:49:59,55.8,-1.8
1981-10-21 01:49:32,25.0,-2.5
1981-11-05 01:48:38,18.7,11.8
1981-12-15 01:51:27,23.2,4.9
1982-01-03 01:49:36,30.5,5.2
1982-01-18 01:46:08,20.3,-17.8
1982-01-27 01:43:52,-7.9,-10.3
1982-01-28 01:43:38,17.0,-26.7
1982-01-30 01:43:11,30.1,-18.8
1982-02-02 01:42:33,30.0,-46.4
1982-02-04 01:42:10,31.6,-6.6
1982-02-05 01:41:59,3.9,-7.5
1982-02-06 01:41:49,32.6,-39.3
1982-02-07 01:41:39,34.6,-18.1
1982-02-09 01:41:21,42.5,-0.7
1982-02-10 01:41:13,30.1,2.5
1982-02-12 01:40:58,47.5,-32.5
1982-02-13 01:40:52,37.5,-7.4
1982-02-14 01:40:46,46.5,-20.0
1982-02-15 01:40:41,38.8,0.0
1982-02-16 01:40:36,33.6,-33.2
1982-02-19 01:40:26,33.3,-8.9
1982-02-21 01:40:23,34.5,-17.5
1982-02-22 01:40:22,7.7,-4.2
1982-02-24 01:40:21,31.3,-27.6
1982-02-25 01:40:22,34.5,-33.8
1982-02-27 01:40:25,30.5,-45.2
1982-02-28 01:40:27,38.0,-26.3
1982-03-01 01:40:30,54.2,-52.4
1982-03-02 01:40:33,50.1,-40.7
1982-03-03 01:40:36,58.5,-41.1
1982-03-04 01:40:39,48.5,-23.1
1982-03-05 01:40:43,38.7,-33.8
1982-03-06 01:40:47,48.7,-41.4
1982-03-07 01:40:52,47.1,-34.9
1982-03-08 01:40:56,47.7,-35.3
1982-03-09 01:41:01,32.2,-35.0
1982-03-10 01:41:06,53.8,-42.7
1982-03-11 01:41:11,42.5,-43.9
1982-03-12 01:41:17,50.9,-37.0
1982-03-13 01:41:22,39.5,-31.6
1982-03-14 01:41:27,49.6,-34.0
1982-03-16 01:41:39,52.1,-28.2
1982-03-17 01:41:44,43.3,-37.1
1982-03-18 01:41:50,28.3,-48.0
1982-03-19 01:41:55,26.0,-30.7
1982-03-20 01:42:00,37.5,-26.0
1982-03-21 01:42:05,14.1,-45.4
1982-03-22 01:42:10,55.7,-30.7
1982-03-23 01:42:15,47.4,0.0
1982-03-25 01:42:23,27.6,-30.2
1982-03-26 01:42:27,42.8,-45.0
1982-03-27 01:42:30,40.1,-28.0
1982-03-28 01:42:33,56.4,-19.3
1982-03-29 01:42:36,49.0,-37.2
1982-03-30 01:42:38,51.8,-44.4
1982-04-02 01:42:42,21.5,-30.1
1982-04-03 01:42:42,63.9,-24.1
1982-04-04 01:42:42,58.4,-20.5
1982-04-05 01:42:41,45.4,-17.3
1982-04-06 01:42:40,40.0,-16.5
1982-04-07 01:42:38,57.8,-15.9
1982-04-08 01:42:36,56.0,-31.3
1982-04-09 01:42:33,31.8,-0.8
1982-04-10 01:42:29,38.6,0.3
1982-04-11 01:42:25,51.4,-20.6
1982-04-12 01:42:20,34.4,-9.5
1982-04-13 01:42:15,56.8,-6.3
1982-04-14 01:42:09,41.7,20.8
1982-04-15 01:42:02,45.1,17.1
1982-04-16 01:41:55,2.0,-13.3
1982-04-17 01:41:48,30.4,-29.2
1982-04-18 01:41:39,36.7,3.3
1982-04-22 01:41:01,21.6,12.8
1982-04-24 01:40:38,21.5,-8.1
1982-04-25 01:40:26,18.6,-18.7
1982-05-01 01:39:07,31.9,21.1
1982-05-04 01:38:22,47.8,26.1
1982-05-05 01:38:07,8.9,1.0
1982-05-06 01:37:52,33.4,17.4
1982-05-10 01:36:49,41.8,16.5
1982-05-11 01:36:33,36.7,-15.5
1982-05-16 01:35:16,32.6,5.3
1982-05-22 01:33:48,13.2,9.5
1982-09-03 01:26:50,8.2,-7.8
1982-09-05 01:26:19,20.2,-11.5
1982-09-09 01:25:18,39.7,3.9
1982-09-12 01:24:35,16.6,2.6
1982-09-18 01:23:18,27.4,-16.8
1982-09-25 01:22:14,7.1,-4.8
1982-09-28 01:21:55,40.0,0.0
1982-09-29 01:21:50,12.5,0.0
1982-10-04 01:21:33,51.2,-28.4
1982-10-05 01:21:32,27.6,0.0
1982-10-08 01:21:30,48.7,-20.2
1982-10-09 01:21:31,-2.6,-29.6
1982-10-10 01:21:32,37.9,0.0
1982-10-11 01:21:34,19.6,-29.1
1982-10-13 01:21:38,38.9,0.0
1982-10-14 01:21:41,0.0,-31.2
1982-10-15 01:21:44,30.6,-45.7
1982-10-18 01:21:56,56.1,0.0
1982-10-19 01:22:00,30.7,-42.2
1982-11-22 01:23:17,34.4,-10.8
1982-11-29 01:22:28,6.5,-8.6
1982-11-30 01:22:19,30.4,-11.1
1982-12-03 01:21:48,31.5,-14.5
1982-12-04 01:21:37,41.7,-6.3
1982-12-07 01:21:00,45.9,29.9
1982-12-08 01:20:47,32.8,0.0
1982-12-11 01:20:05,27.4,-2.7
1982-12-12 01:19:50,26.0,-20.9
1982-12-18 01:18:21,37.1,-12.5
1982-12-20 01:17:49,45.5,22.2
1982-12-26 01:16:15,21.1,15.6
1983-04-23 01:03:38,16.6,8.9
1983-04-24 01:03:23,-16.5,-21.1
1983-04-25 01:03:08,2.7,-8.3
1983-04-29 01:02:12,-12.0,-26.1
1983-04-30 01:01:59,17.5,-33.8
1983-05-01 01:01:47,8.8,-25.4
1983-05-04 01:01:13,17.7,-16.6
1983-05-07 01:00:44,22.4,-28.9
1983-05-09 01:00:28,36.1,-29.9
1983-05-10 01:00:21,0.0,-11.7
1983-05-11 01:00:15,5.3,-13.7
1983-05-15 00:59:55,17.6,6.1
1983-05-17 00:59:49,0.0,-15.9
1983-05-18 00:59:46,43.0,-26.4
1983-05-19 00:59:44,25.9,-15.9
1983-05-21 00:59:43,24.1,-15.8
1983-05-22 00:59:43,35.1,-23.6
1983-05-23 00:59:43,28.9,3.5
1983-05-25 00:59:45,29.0,-25.1
1983-05-26 00:59:47,30.0,-25.6
1983-05-27 00:59:49,9.8,0.0
1983-05-28 00:59:51,25.0,-17.6
1983-05-29 00:59:54,35.1,-22.3
1983-05-30 00:59:57,33.5,-36.5
1983-05-31 01:00:00,36.1,-39.7
1983-06-01 01:00:03,38.1,0.0
1983-06-02 01:00:07,27.2,-37.3
1983-06-03 01:00:10,36.5,0.0
1983-06-05 01:00:18,45.7,-37.8
1983-06-06 01:00:22,47.5,-4.0
1983-06-07 01:00:27,42.3,-11.5
1983-06-08 01:00:31,33.8,-16.5
1983-06-09 01:00:35,34.7,-34.9
1983-06-10 01:00:39,47.1,-36.7
1983-06-11 01:00:43,44.0,-33.9
1983-06-12 01:00:47,13.2,0.0
1983-06-13 01:00:51,35.3,-18.0
1983-06-14 01:00:54,22.6,-16.5
1983-06-15 01:00:58,27.8,-26.4
1983-06-16 01:01:01,37.1,11.7
1983-06-17 01:01:04,42.3,-23.6
1983-06-19 01:01:08,28.5,-17.2
1983-06-20 01:01:10,48.5,0.0
1983-06-21 01:01:11,45.5,-31.8
1983-06-23 01:01:13,31.3,-14.1
1983-06-24 01:01:13,30.7,-23.3
1983-06-25 01:01:12,37.9,-23.2
1983-06-26 01:01:12,37.1,-13.6
1983-06-27 01:01:10,48.9,-20.5
1983-06-28 01:01:08,26.6,-29.1
1983-06-29 01:01:06,33.1,0.0
1983-06-30 01:01:03,36.4,-27.3
1983-07-01 01:00:58,26.6,-15.1
1983-07-02 01:00:54,23.0,-32.4
1983-07-04 01:00:44,42.5,-5.5
1983-07-05 01:00:38,0.0,-2.0
1983-07-06 01:00:31,46.6,0.9
1983-07-07 01:00:24,0.0,-14.3
1983-07-11 00:59:49,23.9,-14.7
1983-07-13 00:59:29,44.7,30.2
1983-07-14 00:59:17,18.5,13.1
1983-07-15 00:59:06,48.4,-6.5
1983-07-16 00:58:54,45.7,-12.8
1983-12-30 00:31:21,37.7,0.0
1983-12-31 00:31:18,18.0,-11.7
1984-01-03 00:31:11,41.1,-2.4
1984-01-04 00:31:10,28.9,-15.6
1984-01-08 00:31:09,37.3,0.0
1984-01-10 00:31:11,16.8,0.0
1984-01-11 00:31:13,21.4,-25.0
1984-01-12 00:31:14,26.8,-33.6
1984-01-13 00:31:16,27.8,-31.1
1984-01-14 00:31:18,44.3,-25.1
1984-01-15 00:31:20,44.9,0.0
1984-01-16 00:31:22,40.9,-19.9
1984-01-17 00:31:24,0.0,-30.2
1984-01-18 00:31:26,33.1,0.0
1984-01-19 00:31:28,42.6,-10.3
1984-01-20 00:31:31,32.6,0.8
1984-01-21 00:31:33,48.6,-16.9
1984-01-22 00:31:35,29.7,-21.9
1984-01-23 00:31:37,40.8,-21.9
1984-01-24 00:31:38,36.3,-6.9
1984-01-25 00:31:40,32.4,-27.4
1984-01-26 00:31:41,28.6,-15.6
1984-01-27 00:31:52,-6.5,-22.7
1984-01-28 00:31:53,-9.0,-27.8
1984-01-29 00:31:54,16.2,-33.1
1984-01-30 00:31:55,35.0,-27.9
1984-01-31 00:31:56,43.7,-28.3
1984-02-01 00:31:56,41.1,-11.9
1984-02-02 00:31:55,38.6,0.0
1984-02-03 00:31:55,12.2,-17.8
1984-02-04 00:31:53,35.3,-21.4
1984-02-05 00:31:52,27.2,-24.1
1984-02-06 00:31:49,36.2,-9.9
1984-02-07 00:31:47,40.1,-25.6
1984-02-08 00:31:43,42.3,-22.9
1984-02-09 00:31:39,41.9,-21.4
1984-02-10 00:31:35,29.2,2.1
1984-02-11 00:31:30,41.1,-18.2
1984-02-12 00:31:25,38.8,-16.5
1984-02-13 00:31:18,37.3,-13.9
1984-02-14 00:31:12,48.5,-2.9
1984-02-15 00:31:04,34.6,-10.6
1984-02-16 00:30:56,-5.8,-12.9
1984-02-17 00:30:46,30.2,-4.6
1984-02-18 00:30:36,27.3,-0.6
1984-02-19 00:30:26,22.3,3.9
1984-02-22 00:29:53,25.6,10.5
1984-02-27 00:28:46,10.2,-2.9
1984-06-01 00:06:46,8.2,8.2
1985-07-22 22:46:54,0.0,70.2
1986-01-31 23:22:13,0.0,-37.0
1986-06-01 23:23:15,15.5,0.9
1986-06-29 23:27:51,0.0,-33.8
1986-06-30 23:28:21,16.6,-8.0
1986-07-02 23:28:54,0.0,-38.8
1986-07-03 23:29:11,0.0,-33.3
1986-07-04 23:29:28,29.9,-39.7
1986-07-05 23:29:45,31.6,-31.3
1986-07-06 23:30:02,15.5,-18.4
1986-07-07 23:30:19,38.2,-31.0
1986-07-08 23:30:36,33.4,-31.3
1986-07-09 23:30:52,25.2,-27.5
1986-07-11 23:31:25,15.4,-23.0
1986-07-14 23:32:11,27.6,-23.1
1986-07-15 23:32:26,22.9,-27.8
1986-07-16 23:32:41,34.2,-27.4
1986-07-17 23:32:57,3.6,-28.0
1986-07-18 23:33:13,19.9,-8.5
1986-07-20 23:33:45,27.0,-3.6
1986-07-23 23:34:30,34.0,-16.9
1986-07-24 23:34:43,35.8,-0.9
1986-07-25 23:34:54,41.4,-8.2
1986-07-26 23:35:05,32.6,-6.9
1986-07-27 23:35:16,31.0,0.0
1986-07-28 23:35:26,33.9,-5.6
1986-07-29 23:35:36,32.3,-5.6
1986-08-01 23:36:00,24.6,-2.4
1987-01-27 23:57:17,24.0,-37.2
1987-01-28 23:57:34,8.7,-30.5
1987-02-04 23:59:45,32.8,-18.2
1987-02-07 00:00:26,7.4,-25.0
1987-02-08 00:00:47,21.4,-38.8
1987-02-09 00:01:08,25.6,-33.0
1987-02-13 00:02:33,28.9,-28.3
1987-02-15 00:03:16,36.2,-17.2
1987-02-17 00:03:59,37.9,-9.4
1987-02-18 00:04:20,24.5,-40.9
1987-02-19 00:04:41,22.2,0.0
1987-02-20 00:05:02,0.0,-35.6
1987-02-22 00:05:44,41.6,-21.6
1987-02-23 00:06:04,42.6,-22.9
1987-02-24 00:06:24,42.4,-32.9
1987-02-26 00:07:03,33.3,-22.8
1987-02-28 00:07:41,36.3,-27.1
1987-03-01 00:07:59,27.2,0.0
1987-03-02 00:08:17,39.7,-21.2
1987-03-04 00:08:51,22.3,-23.5
1987-03-05 00:09:07,40.2,-25.8
1987-03-06 00:09:23,14.9,-27.6
1987-03-07 00:09:38,32.3,-9.4
1987-03-08 00:09:53,31.7,-23.7
1987-03-09 00:10:07,0.0,-23.2
1987-03-10 00:10:21,34.2,-22.7
1987-03-11 00:10:34,29.3,1.7
1987-03-12 00:10:46,41.0,-20.7
1987-03-13 00:10:58,33.9,-16.2
1987-07-30 00:55:19,-41.9,0.0
1987-09-11 01:06:14,32.4,-38.7
1987-09-12 01:06:43,33.3,-37.7
1987-09-13 01:07:11,0.0,-37.9
1987-09-14 01:07:40,23.9,-35.8
1987-09-16 01:08:38,0.0,-22.8
1987-09-18 01:09:38,39.0,-5.9
1987-09-19 01:10:08,38.9,-39.6
1987-09-20 01:10:39,46.3,-23.0
1987-09-21 01:11:10,28.2,-35.7
1987-09-22 01:11:41,21.8,-31.8
1987-09-23 01:12:12,40.0,-38.3
1987-09-24 01:12:43,25.3,-35.8
1987-09-26 01:13:46,15.5,-31.4
1987-09-27 01:14:18,42.9,-17.2
1987-09-28 01:14:49,40.4,2.5
1987-09-29 01:15:33,26.3,-32.5
1987-09-30 01:16:06,42.1,-20.8
1987-10-01 01:16:38,27.0,-39.7
1987-10-02 01:17:11,14.2,-22.1
1987-10-03 01:17:43,48.6,-11.5
1987-10-04 01:18:16,41.7,-23.9
1987-10-06 01:19:22,38.7,-39.5
1987-10-07 01:19:54,42.0,-20.8
1987-10-09 01:20:57,3.3,-29.3
1987-10-10 01:21:27,32.8,-30.8
1987-10-11 01:21:57,15.4,-27.3
1987-10-12 01:22:27,26.9,-24.6
1987-10-14 01:23:26,12.0,-28.4
1987-10-15 01:23:55,34.3,-30.3
1987-10-16 01:24:23,-0.3,-0.3
1987-10-18 01:25:17,30.9,-35.6
1987-10-19 01:25:44,32.4,-30.1
1987-10-20 01:26:05,24.1,-28.1
1987-10-21 01:26:29,0.0,-20.4
1987-10-22 01:26:53,0.0,-16.5
1987-10-23 01:27:17,17.4,-9.8
1987-10-24 01:27:40,0.0,-31.6
1987-10-25 01:28:02,25.6,-15.3
1988-04-09 02:12:20,37.0,-21.6
1988-04-10 02:12:35,26.5,-32.6
1988-04-11 02:12:51,0.0,-23.3
1988-04-12 02:13:08,6.7,-22.4
1988-04-13 02:13:25,19.4,-21.0
1988-04-15 02:14:01,29.4,-16.9
1988-04-16 02:14:20,33.9,-10.0
1988-04-17 02:14:40,33.1,-21.8
1988-04-18 02:15:00,17.1,-16.6
1988-04-19 02:15:21,22.0,-4.1
1988-04-21 02:16:04,17.5,-12.5
1988-04-22 02:16:26,21.7,-25.1
1988-04-23 02:16:49,21.5,-9.2
1988-04-24 02:17:12,6.2,-34.5
1988-04-25 02:17:36,32.1,-12.6
1988-04-27 02:18:25,23.8,-17.4
1988-04-28 02:18:50,24.4,-35.2
1988-04-29 02:19:15,29.9,-36.1
1988-05-01 02:20:06,15.7,-36.7
1988-05-02 02:20:32,37.4,-28.3
1988-05-03 02:20:59,22.3,-39.1
1988-05-04 02:21:25,15.1,-35.4
1988-05-05 02:21:52,42.0,-31.1
1988-05-06 02:22:19,36.7,-28.4
1988-05-07 02:22:46,22.9,-37.5
1988-05-09 02:23:39,42.0,29.7
1988-05-10 02:24:06,38.2,-33.2
1988-05-11 02:24:33,29.5,-39.1
1988-05-12 02:25:00,42.6,-37.3
1988-05-13 02:25:26,35.7,-47.3
1988-05-14 02:25:53,36.2,-33.7
1988-05-15 02:26:19,30.1,-37.4
1988-05-16 02:26:45,29.8,-14.8
1988-05-17 02:27:08,16.5,-35.0
1988-05-18 02:27:33,20.6,-38.7
1988-05-21 02:28:45,38.7,-17.3
1988-05-23 02:29:32,40.7,-27.0
1988-05-24 02:29:54,28.2,-14.8
1988-05-25 02:30:16,38.6,-36.8
1988-05-26 02:30:38,46.3,-46.8
1988-05-27 02:30:59,27.1,-26.2
1988-05-28 02:31:19,23.4,-32.5
1988-05-29 02:31:39,27.3,-22.6
1988-05-30 02:31:59,42.3,-26.2
1988-05-31 02:32:18,53.8,-49.0
1988-06-01 02:32:36,39.7,-13.7
1988-06-02 02:32:54,33.4,-14.2
1988-06-03 02:33:11,26.7,-33.8
1988-06-04 02:33:28,27.6,-13.9
1988-06-05 02:33:44,22.2,-20.3
1988-06-06 02:34:00,20.1,-2.1
1988-06-07 02:34:14,41.7,-24.4
1988-06-09 02:34:42,33.6,-8.8
1988-06-10 02:34:55,37.2,-27.2
1988-06-11 02:35:08,38.5,-35.3
1988-06-14 02:35:42,33.8,-10.4
1988-06-16 02:36:02,31.4,-29.6
1988-06-19 02:36:29,23.6,-7.3
1988-06-22 02:36:45,17.4,0.0
1988-09-16 02:54:47,-2.4,-2.4
1988-10-04 02:58:34,-2.5,-2.5
1988-10-05 02:58:40,-2.5,-2.5
1988-10-06 02:58:47,-2.5,-2.5
1988-10-07 02:58:53,-2.5,-2.5
1988-10-08 02:58:58,-2.5,-2.5
1988-10-09 02:59:03,-2.5,-2.5
1988-11-18 03:00:19,14.2,0.0
1988-11-22 03:00:51,8.7,-40.6
1988-11-25 03:01:22,14.3,-20.4
1988-11-26 03:01:33,2.1,-19.4
1988-11-27 03:01:45,25.9,-31.2
1988-11-28 03:01:58,0.0,-39.4
1988-11-30 03:02:25,0.0,-45.6
1988-12-01 03:02:40,0.0,-27.0
1988-12-03 03:03:10,25.7,-25.2
1988-12-05 03:03:43,18.4,-47.2
1988-12-06 03:03:59,29.6,-54.8
1988-12-07 03:04:17,31.1,-50.9
1988-12-08 03:04:34,31.5,-16.0
1988-12-09 03:04:52,47.1,-30.9
1988-12-12 03:05:48,-2.7,-2.7
1988-12-13 03:06:07,0.0,-33.3
1988-12-14 03:06:26,36.1,-31.2
1988-12-15 03:06:45,24.2,-32.6
1988-12-16 03:07:05,35.6,-25.4
1988-12-17 03:07:24,32.6,-33.4
1988-12-18 03:07:44,39.1,-25.1
1988-12-24 03:09:42,54.7,-33.8
1988-12-26 03:10:20,47.7,-46.9
1988-12-27 03:10:39,37.7,-38.0
1988-12-29 03:11:16,61.5,-15.6
1988-12-30 03:11:33,53.7,-29.6
1988-12-31 03:11:51,46.0,-23.2
1989-01-01 03:12:08,40.4,-36.7
1989-01-03 03:12:31,32.1,-38.4
1989-01-04 03:12:46,31.2,-23.0
1989-01-05 03:13:01,33.3,-38.0
1989-01-06 03:13:15,33.7,-24.4
1989-01-07 03:13:29,38.4,-23.1
1989-01-08 03:13:43,32.6,-40.6
1989-01-10 03:14:09,27.0,-18.2
1989-01-11 03:14:22,34.5,-29.2
1989-01-13 03:14:44,38.2,-28.5
1989-01-14 03:14:55,23.4,-5.4
1989-01-15 03:15:05,28.2,-8.2
1989-01-16 03:15:14,19.9,-7.9
1989-01-17 03:15:23,0.3,0.0
1989-01-19 03:15:39,29.7,-4.6
1989-01-20 03:15:46,43.8,-4.3
1989-01-21 03:15:52,29.4,-29.8
1989-01-22 03:15:58,38.4,-11.5
1989-01-23 03:16:03,40.7,-43.6
1989-01-24 03:16:08,68.3,-41.2
1989-01-27 03:16:19,46.9,-32.7
1989-01-29 03:16:24,28.2,0.2
1989-02-01 03:16:28,16.6,-16.9
1989-03-12 03:15:58,0.0,-3.0
1989-06-13 03:23:31,4.6,-14.1
1989-06-17 03:22:57,15.9,0.0
1989-06-26 03:22:03,34.4,-40.8
1989-06-27 03:22:00,21.2,-48.0
1989-06-28 03:21:58,19.3,-55.9
1989-06-30 03:21:55,40.4,0.0
1989-07-01 03:21:54,30.3,0.0
1989-07-03 03:21:55,35.0,-51.6
1989-07-04 03:21:56,29.5,-51.0
1989-07-05 03:21:58,19.1,-44.4
1989-07-06 03:22:01,8.0,-27.1
1989-07-07 03:22:04,0.6,-28.1
1989-07-08 03:22:08,11.4,-40.7
1989-07-09 03:22:12,39.2,-48.7
1989-07-10 03:22:17,34.7,-43.8
1989-07-13 03:22:09,26.5,-22.1
1989-07-15 03:22:20,39.6,0.0
1989-07-16 03:22:26,38.1,-24.0
1989-07-17 03:22:33,27.5,-33.1
1989-07-18 03:22:41,42.9,-16.5
1989-07-19 03:22:49,41.5,-23.7
1989-07-21 03:23:05,39.5,-33.4
1989-07-22 03:23:14,41.9,-40.8
1989-07-23 03:23:23,24.6,-34.0
1989-07-24 03:23:33,42.0,-47.1
1989-07-25 03:23:43,38.0,-51.4
1989-07-26 03:23:53,36.4,-37.8
1989-07-27 03:24:04,28.2,-49.7
1989-07-28 03:24:14,39.2,-61.4
1989-07-29 03:24:25,42.9,-48.4
1989-07-30 03:24:35,25.3,-49.3
1989-07-31 03:24:46,30.5,-50.6
1989-08-01 03:24:52,36.9,-36.4
1989-08-02 03:25:02,39.7,-24.2
1989-08-04 03:25:22,21.2,-32.4
1989-08-05 03:25:31,22.2,-31.7
1989-08-06 03:25:41,32.5,-49.3
1989-08-07 03:25:50,0.0,-45.5
1989-08-08 03:25:59,39.8,-25.1
1989-08-09 03:26:08,0.0,-49.3
1989-08-10 03:26:16,47.7,-38.5
1989-08-11 03:26:25,57.7,-38.9
1989-08-12 03:26:33,56.1,-48.8
1989-08-13 03:26:40,38.1,-14.6
1989-08-14 03:26:47,51.0,-27.9
1989-08-15 03:26:54,32.8,-27.3
1989-08-16 03:27:00,46.6,-25.7
1989-08-17 03:27:06,37.3,-34.4
1989-08-18 03:27:12,35.7,-22.1
1989-08-19 03:27:17,37.5,-17.8
1989-08-20 03:27:21,46.4,-28.3
1989-08-21 03:27:25,38.2,-40.2
1989-08-22 03:27:28,44.7,-18.2
1989-08-23 03:27:31,49.7,-37.4
1989-08-24 03:27:33,48.1,-41.4
1989-08-25 03:27:35,43.5,-29.1
1989-08-27 03:27:37,22.2,-33.0
1989-08-28 03:27:37,42.2,-34.8
1989-09-01 03:27:25,29.5,-56.1
1989-09-02 03:27:21,43.8,-35.1
1989-09-04 03:27:12,52.2,0.0
1989-09-06 03:27:00,44.9,0.0
1989-09-07 03:26:54,0.0,-15.5
1989-09-08 03:26:47,51.1,-15.1
1989-09-09 03:26:39,19.6,-7.0
1989-09-10 03:26:31,49.8,-55.2
1989-09-11 03:26:23,19.2,-23.4
1989-11-23 03:21:31,0.0,-4.8
1990-01-26 03:15:38,23.2,-51.8
1990-02-17 03:12:03,32.3,-45.7
1990-02-18 03:11:59,18.4,0.0
1990-02-19 03:11:57,25.9,-37.5
1990-02-21 03:11:53,25.9,0.0
1990-02-25 03:11:51,31.7,-40.0
1990-02-26 03:11:52,53.3,-50.7
1990-02-27 03:11:54,37.5,-24.2
1990-02-28 03:11:55,29.2,-38.2
1990-03-01 03:11:58,31.5,-38.1
1990-03-02 03:12:00,38.3,-46.0
1990-03-03 03:12:03,33.6,-46.6
1990-03-04 03:12:07,38.1,-38.2
1990-03-05 03:12:10,33.6,-50.1
1990-03-06 03:12:14,35.0,-49.7
1990-03-07 03:12:18,22.5,-38.4
1990-03-08 03:12:23,11.1,-39.8
1990-03-09 03:12:27,36.6,-45.2
1990-03-10 03:12:32,37.5,-35.3
1990-03-11 03:12:37,40.5,-40.9
1990-03-12 03:12:41,42.9,0.0
1990-03-13 03:12:43,44.1,-44.3
1990-03-14 03:12:48,27.4,-33.4
1990-03-15 03:12:52,41.4,-34.5
1990-03-16 03:12:57,38.5,-29.4
1990-03-17 03:13:01,24.0,-49.9
1990-03-18 03:13:06,36.9,-36.8
1990-03-19 03:13:10,46.0,-33.6
1990-03-20 03:13:14,44.3,-34.0
1990-03-21 03:13:18,42.0,-32.6
1990-03-23 03:13:25,43.2,-38.4
1990-03-24 03:13:27,52.6,-30.6
1990-03-25 03:13:30,45.9,-31.4
1990-03-26 03:13:32,50.2,-41.6
1990-03-27 03:13:35,60.4,-36.1
1990-03-28 03:13:36,42.7,-34.1
1990-03-29 03:13:37,47.3,-36.2
1990-03-30 03:13:38,30.6,-27.2
1990-03-31 03:13:38,42.9,-33.3
1990-04-01 03:13:37,48.9,-43.1
1990-04-02 03:13:36,29.7,-16.9
1990-04-03 03:13:36,48.2,-33.6
1990-04-04 03:13:34,33.8,-15.0
1990-04-05 03:13:31,25.7,-22.9
1990-04-07 03:13:24,26.3,-24.1
1990-04-08 03:13:20,11.1,-19.4
1990-04-09 03:13:15,8.4,-15.2
1990-04-10 03:13:10,35.6,-22.5
1990-04-11 03:13:04,38.6,-25.6
1990-04-12 03:12:58,6.4,0.0
1990-04-13 03:12:50,8.6,-12.0
1990-04-15 03:12:34,30.2,-21.0
1990-04-16 03:12:25,43.5,-24.4
1990-04-18 03:12:06,34.6,-11.5
1990-04-19 03:11:56,50.4,-29.0
1990-04-20 03:11:45,-4.2,-21.9
1990-04-24 03:11:09,36.4,-41.5
1990-04-27 03:10:30,34.3,-20.7
1990-04-28 03:10:17,25.2,-17.9
1990-04-30 03:09:49,14.8,0.0
1990-05-01 03:09:34,31.9,-41.1
1990-05-02 03:09:20,36.0,-28.4
1990-05-03 03:09:05,28.1,-16.5
1990-05-04 03:08:50,-3.8,-19.4
1990-05-25 03:03:47,6.9,-22.0
1990-05-26 03:03:36,21.9,-14.2
1990-07-15 02:48:53,27.6,0.0
1990-08-30 02:28:17,1.3,0.0
1990-09-01 02:27:07,26.7,-42.6
1990-09-02 02:26:32,1.6,-19.4
1990-09-03 02:25:57,-6.6,-21.3
1990-09-05 02:24:56,18.3,-36.8
1990-09-06 02:24:22,22.0,-53.4
1990-09-07 02:23:49,28.4,-39.5
1990-09-10 02:22:10,32.3,0.0
1990-09-13 02:20:38,23.4,0.0
1990-09-19 02:17:42,31.0,0.0
1990-09-26 02:14:51,13.5,0.0
1990-09-27 02:14:29,19.7,-26.9
1990-09-29 02:13:47,18.5,0.0
1990-10-02 02:12:48,38.0,-38.5
1990-10-04 02:12:12,16.4,-29.2
1990-10-06 02:11:39,45.6,0.0
1990-10-09 02:10:52,27.8,-29.3
1990-10-10 02:10:37,33.0,0.0
1990-10-11 02:10:23,26.3,-27.6
1990-10-16 02:09:22,33.4,-38.9
1990-11-24 02:00:46,48.5,-30.1
1990-11-27 01:59:43,28.5,-32.8
1990-11-29 01:58:59,5.9,-22.2
1990-11-30 01:58:36,0.0,-40.3
1990-12-08 01:55:15,36.4,-16.9
1990-12-10 01:54:21,53.2,-44.2
1990-12-11 01:53:53,23.1,-30.0
1990-12-12 01:53:26,39.6,-26.8
1990-12-15 01:52:01,29.8,-27.8
1990-12-17 01:51:04,28.4,-27.6
1990-12-26 01:47:03,0.0,-35.3
1990-12-27 01:46:37,-6.9,-6.9
1990-12-28 01:46:10,-6.8,-6.8
1990-12-29 01:45:44,20.5,-12.9
1991-01-24 01:37:31,17.3,-26.8
1991-02-17 01:35:01,-7.2,-7.2
1991-03-19 01:30:37,19.8,0.0
1991-04-01 01:26:15,9.3,-27.2
1991-04-04 01:25:05,20.1,-18.6
1991-04-05 01:24:42,-0.6,-19.2
1991-04-07 01:23:55,16.6,-38.8
1991-04-08 01:23:32,11.3,-28.3
1991-04-09 01:23:08,11.2,-24.8
1991-04-10 01:22:44,4.5,-27.9
1991-04-11 01:22:20,10.2,-39.4
1991-04-14 01:21:08,19.7,-43.5
1991-04-15 01:20:44,22.5,0.0
1991-04-17 01:19:57,27.3,-40.6
1991-04-23 01:17:41,3.3,-13.1
1991-04-25 01:16:58,3.2,-33.1
1991-04-28 01:15:58,14.2,-49.2
1991-04-29 01:15:38,29.4,-42.5
1991-04-30 01:15:20,23.8,-46.4
1991-05-01 01:15:01,11.7,-40.5
1991-05-05 01:13:54,10.2,-39.5
1991-05-07 01:13:24,30.0,-18.0
1991-05-08 01:13:10,25.3,-46.5
1991-05-11 01:12:32,25.1,-15.2
1991-05-12 01:12:20,42.6,-34.0
1991-05-13 01:12:10,16.9,-43.1
1991-05-14 01:11:59,16.7,-43.0
1991-05-15 01:11:49,22.2,0.0
1991-05-16 01:11:40,17.2,-43.3
1991-05-18 01:11:24,27.6,-34.3
1991-05-19 01:11:16,33.9,-28.8
1991-05-20 01:11:09,38.9,-34.6
1991-05-21 01:11:06,38.2,-35.6
1991-05-22 01:11:01,31.7,-30.2
1991-05-23 01:10:56,33.9,-32.1
1991-05-24 01:10:52,33.8,-34.0
1991-05-28 01:10:37,12.5,-41.8
1991-05-29 01:10:35,35.8,-61.8
1991-06-01 01:10:28,42.9,-56.4
1991-06-03 01:10:24,30.5,-26.9
1991-06-04 01:10:23,16.7,-50.5
1991-06-05 01:10:21,25.0,-48.9
1991-06-06 01:10:19,22.6,-58.7
1991-06-07 01:10:18,0.0,-46.2
1991-06-08 01:10:16,49.4,-21.0
1991-06-09 01:10:14,35.2,-58.2
1991-06-10 01:10:12,41.6,-44.9
1991-06-11 01:10:10,38.3,-50.8
1991-06-12 01:10:08,40.4,-53.8
1991-06-13 01:10:06,51.9,-33.7
1991-06-14 01:10:03,46.1,-49.5
1991-06-15 01:10:00,36.8,-49.3
1991-06-16 01:09:57,38.7,-40.1
1991-06-17 01:09:53,42.6,-42.6
1991-06-18 01:09:50,48.5,-48.0
1991-06-19 01:09:45,44.5,-28.2
1991-06-20 01:09:41,49.6,-34.2
1991-06-21 01:09:36,47.1,-31.6
1991-06-23 01:09:24,45.6,-49.3
1991-06-24 01:09:17,50.5,-50.1
1991-06-25 01:09:11,51.0,-44.1
1991-06-26 01:09:03,44.9,-31.5
1991-06-27 01:08:55,34.4,-32.6
1991-06-28 01:08:46,40.6,-29.7
1991-06-30 01:08:28,36.4,-31.4
1991-07-01 01:08:17,46.0,-50.2
1991-07-02 01:08:07,30.0,-36.7
1991-07-03 01:07:55,52.2,0.0
1991-07-04 01:07:43,38.2,-22.0
1991-07-05 01:07:30,32.7,-24.4
1991-07-06 01:07:17,42.0,-41.9
1991-07-07 01:07:03,34.6,0.0
1991-07-08 01:06:49,16.8,-25.8
1991-07-09 01:06:36,52.3,-65.6
1991-07-10 01:06:21,30.4,-47.7
1991-07-11 01:06:06,0.0,-36.5
1991-07-12 01:05:49,37.3,-38.7
1991-07-13 01:05:33,42.9,0.0
1991-07-14 01:05:16,42.9,-9.9
1991-07-15 01:04:58,49.4,0.0
1991-07-16 01:04:40,-4.9,-26.0
1991-07-17 01:04:22,50.6,-50.2
1991-07-20 01:03:24,9.4,-16.4
1991-07-22 01:02:43,37.5,0.0
1991-07-23 01:02:22,34.3,-44.1
1991-07-26 01:01:19,33.5,0.0
1991-07-27 01:00:57,9.5,-30.1
1991-07-29 01:00:13,13.2,-31.6
1991-08-01 00:59:07,-6.9,-25.5
1991-08-02 00:58:45,18.9,0.0
1991-08-03 00:58:23,0.0,-27.6
1991-08-04 00:58:01,0.0,-15.0
1991-08-05 00:57:39,14.6,0.0
1991-08-07 00:56:59,37.0,-36.9
1991-08-08 00:56:39,27.8,0.0
1991-08-11 00:55:39,26.3,-16.8
1991-08-15 00:54:25,19.3,0.0
1991-08-16 00:54:07,26.0,-40.8
1991-08-17 00:53:50,19.9,-35.3
1991-08-19 00:53:16,14.8,-20.6
1991-08-22 00:52:31,0.0,-19.7
1991-08-28 00:51:20,2.8,-10.2
1991-11-04 00:48:10,15.0,0.0
1991-11-06 00:47:43,11.4,0.0
1991-11-07 00:47:28,18.2,0.0
1991-11-09 00:46:58,4.0,0.0
1991-11-10 00:46:42,9.7,-42.5
1991-11-11 00:46:26,4.8,0.0
1991-11-13 00:45:52,12.2,-30.5
1991-11-14 00:45:34,21.6,0.0
1991-11-15 00:45:17,18.5,-35.4
1991-11-16 00:44:59,14.5,0.0
1991-11-17 00:44:41,13.2,-31.4
1991-11-18 00:44:23,14.1,0.0
1991-11-20 00:43:46,8.3,-39.4
1991-11-21 00:43:28,10.7,0.0
1991-11-22 00:43:09,18.3,-50.1
1991-11-24 00:42:32,16.8,-44.4
1991-11-25 00:42:14,13.0,0.0
1991-11-27 00:41:37,19.0,-47.4
1991-11-28 00:41:19,19.4,0.0
1991-11-29 00:41:01,14.8,-46.5
1991-12-01 00:40:26,29.6,-37.5
1991-12-02 00:40:09,17.5,0.0
1991-12-03 00:39:52,23.6,-39.6
1991-12-04 00:39:36,22.9,-38.8
1991-12-06 00:39:04,0.0,-28.0
1991-12-07 00:38:49,28.4,0.0
1991-12-08 00:38:34,32.3,-39.8
1991-12-09 00:38:20,18.7,0.0
1991-12-12 00:37:40,26.3,0.0
1991-12-15 00:37:06,39.6,0.0
1991-12-18 00:36:39,24.4,-46.0
1991-12-19 00:36:31,20.0,0.0
1991-12-20 00:36:25,9.9,-39.2
1991-12-26 00:35:56,35.9,0.0
1991-12-30 00:35:48,14.3,0.0
1992-01-03 00:35:47,43.8,-45.8
1992-01-05 00:35:50,49.6,-51.3
1992-01-06 00:35:51,32.3,0.0
1992-01-10 00:36:02,59.1,0.0
1992-01-12 00:36:09,32.4,-42.9
1992-01-14 00:36:18,49.2,0.0
1992-01-15 00:36:23,0.0,-53.6
1992-01-17 00:36:32,36.4,-44.6
1992-01-19 00:36:41,14.0,-46.6
1992-01-21 00:36:50,50.8,0.0
1992-01-22 00:36:54,43.7,0.0
1992-01-23 00:36:58,31.1,0.0
1992-01-24 00:37:02,52.5,0.0
1992-01-25 00:37:05,51.7,-42.2
1992-01-26 00:37:09,37.6,0.0
1992-01-27 00:37:12,51.7,0.0
1992-01-28 00:37:15,0.0,-63.9
1992-01-29 00:37:17,28.6,0.0
1992-01-30 00:37:19,42.1,-60.1
1992-01-31 00:37:21,49.7,-39.8
1992-02-01 00:37:22,51.1,-53.9
1992-02-02 00:37:22,46.2,0.0
1992-02-03 00:37:22,45.4,0.0
1992-02-04 00:37:22,55.0,0.0
1992-02-05 00:37:22,54.7,-53.1
1992-02-06 00:37:20,56.5,-48.7
1992-02-07 00:37:18,42.0,0.0
1992-02-08 00:37:16,37.5,0.0
1992-02-09 00:37:13,57.4,0.0
1992-02-10 00:37:09,47.3,0.0
1992-02-12 00:37:05,25.1,0.0
1992-02-14 00:36:56,0.0,-57.8
1992-02-15 00:36:50,47.5,-37.8
1992-02-16 00:36:44,52.5,-45.1
1992-02-17 00:36:37,50.8,0.0
1992-02-18 00:36:30,36.2,-50.6
1992-02-19 00:36:22,36.1,-52.3
1992-02-20 00:36:14,33.4,-16.3
1992-02-22 00:35:56,46.1,-54.0
1992-02-23 00:35:46,50.4,-55.0
1992-02-24 00:35:35,36.2,-56.1
1992-02-25 00:35:25,21.8,0.0
1992-02-27 00:35:01,34.3,0.0
1992-02-28 00:34:49,10.7,-37.7
1992-02-29 00:34:37,0.9,-26.0
1992-03-01 00:34:24,4.4,-20.9
1992-03-02 00:34:10,35.7,0.0
1992-03-03 00:33:59,46.3,0.0
1992-03-04 00:33:46,7.9,0.0
1992-03-05 00:33:32,16.2,0.0
1992-03-08 00:32:50,15.3,0.0
1992-03-09 00:32:36,13.4,0.0
1992-03-10 00:32:21,20.6,-30.4
1992-03-12 00:27:36,6.0,-59.3
1992-03-13 00:31:37,27.6,-48.4
1992-03-18 00:30:25,15.9,0.0
1992-03-19 00:30:11,41.2,-44.1
1992-03-22 00:29:30,18.3,-29.6
1992-03-24 00:29:04,18.4,0.0
1992-03-25 00:28:51,-4.7,-21.0
1992-03-26 00:28:39,13.4,0.0
1992-03-28 00:28:16,0.4,-31.4
1992-03-29 00:28:05,-0.3,-32.5
1992-03-30 00:27:54,9.7,-24.7
1992-03-31 00:27:51,3.0,-26.0
1992-04-01 00:27:43,6.7,-20.8
1992-04-04 00:27:22,20.8,0.0
1992-04-05 00:27:16,18.2,-25.1
1992-04-06 00:27:11,20.7,0.0
1992-04-07 00:27:06,4.1,-24.6
1992-04-08 00:27:01,-6.1,-20.4
1992-04-10 00:26:54,9.4,0.0
1992-04-11 00:26:52,-2.5,0.0
1992-04-14 00:26:49,-9.1,0.0
1992-04-15 00:26:48,11.1,-34.4
1992-04-18 00:26:51,-0.9,-13.1
1992-04-27 00:27:28,3.0,-23.0
1992-04-29 00:27:45,3.3,-33.3
1992-05-16 00:30:27,1.2,-30.1
1992-05-17 00:30:37,1.4,-21.9
1992-05-20 00:31:02,-5.4,-17.2
1992-05-23 00:31:25,-5.2,-16.4
1992-05-24 00:31:31,19.5,-16.1
1992-06-01 00:32:06,-1.2,0.0
1992-07-02 00:28:18,0.0,-66.7
1992-07-05 00:27:33,12.8,-27.4
1992-07-09 00:26:31,25.2,-58.0
1992-07-10 00:26:15,23.4,-53.8
1992-07-11 00:26:00,35.3,-39.9
1992-07-13 00:25:30,27.6,-37.2
1992-07-15 00:25:05,0.0,-61.1
1992-07-18 00:24:27,30.0,0.0
1992-07-19 00:24:15,34.1,0.0
1992-07-21 00:23:52,40.5,0.0
1992-07-30 00:22:46,0.0,-62.0
1992-08-01 00:22:38,0.0,-57.6
1992-09-09 00:23:19,34.1,-43.9
1992-09-11 00:21:50,22.7,-36.4
1992-09-12 00:20:51,13.8,-27.0
1992-09-13 00:19:01,13.8,-27.0
1992-09-14 00:14:46,46.1,-59.3
1992-09-15 00:10:40,27.2,-37.6
1992-09-16 00:06:26,16.0,-25.8
1992-09-17 00:01:46,15.3,-27.2
1992-09-17 23:56:01,46.7,-57.9
1992-09-19 23:44:40,26.1,-36.3
1992-09-20 23:38:46,18.9,-25.9
1992-09-21 23:31:52,16.0,-27.3
1992-09-22 23:23:04,44.6,-63.0
1992-09-23 23:14:21,33.8,-45.7
1992-09-24 23:05:32,24.0,-60.5
1992-09-25 22:56:27,17.1,-67.0
1992-09-26 22:46:02,15.1,-59.4
1992-09-27 22:33:38,44.9,-63.5
1992-09-28 22:21:19,30.8,-45.5
1992-09-29 22:08:52,23.8,-36.6
1992-09-30 21:56:00,14.7,-25.6
1992-10-01 21:41:59,13.3,-28.5
1992-10-02 21:25:52,47.5,-56.7
1992-10-03 21:09:36,35.3,-44.2
1992-10-04 20:52:39,23.0,-35.8
1992-10-05 20:33:45,14.9,-28.3
1992-10-06 20:12:23,16.0,-27.2
1992-10-07 19:46:27,25.3,-37.3
