INBOUND_LATITUDE,INBOUND_ALTITUDE,INBOUND_SOLAR_ZENITH_ANGLE,YEAR
39.7,601.0,63.4,1978
52.1,832.0,66.4,1978
45.9,579.0,66.2,1978
59.6,1110.0,69.5,1978
0.0,0.0,0.0,1978
47.4,592.0,71.1,1978
51.0,714.0,71.9,1978
39.9,386.0,74.1,1978
51.1,708.0,74.0,1978
41.8,423.0,75.5,1978
58.7,1032.0,75.6,1978
43.7,469.0,77.7,1978
48.9,623.0,78.2,1978
56.0,896.0,79.1,1978
0.0,0.0,0.0,1978
46.7,549.0,83.1,1978
59.8,1080.0,81.2,1978
55.6,873.0,83.1,1978
57.6,967.0,83.5,1978
52.0,729.0,86.1,1978
48.7,611.0,88.3,1978
55.9,888.0,87.0,1978
51.0,690.0,89.6,1978
60.3,1109.0,86.9,1978
57.2,953.0,89.1,1978
58.1,996.0,89.6,1979
64.1,1330.0,88.2,1979
0.0,0.0,0.0,1979
65.8,1461.0,88.6,1979
0.0,0.0,0.0,1979
71.9,2073.0,85.0,1979
55.1,863.0,97.6,1979
68.6,1711.0,89.0,1979
0.0,0.0,0.0,1979
55.0,853.0,100.4,1979
42.0,424.0,110.0,1979
0.0,0.0,0.0,1979
30.8,236.0,120.5,1979
36.3,320.0,118.4,1979
58.0,995.0,103.3,1979
0.0,0.0,0.0,1979
54.2,831.0,108.2,1979
41.8,433.0,120.3,1979
60.7,1167.0,104.8,1979
24.8,192.0,135.1,1979
58.1,1005.0,108.7,1979
0.0,0.0,0.0,1979
48.6,620.0,119.3,1979
46.0,543.0,122.6,1979
55.3,899.0,115.3,1979
60.5,1173.0,110.4,1979
64.1,1370.0,106.7,1979
70.5,1976.0,98.4,1979
65.3,1472.0,106.4,1979
0.0,0.0,0.0,1979
60.1,1141.0,113.9,1979
58.5,1068.0,116.8,1979
67.3,1642.0,106.1,1979
60.4,1150.0,115.5,1979
49.6,663.0,128.3,1979
64.0,1397.0,112.0,1979
0.0,0.0,0.0,1979
0.0,0.0,0.0,1979
0.0,0.0,0.0,1979
62.0,1248.0,116.2,1979
54.5,857.0,125.4,1979
63.0,1323.0,115.7,1979
52.5,787.0,128.9,1979
61.1,1223.0,119.2,1979
59.3,1104.0,121.5,1979
57.3,989.0,124.0,1979
54.6,866.0,127.1,1979
0.0,0.0,0.0,1979
64.1,1409.0,116.6,1979
67.1,1653.0,112.9,1979
26.5,176.0,151.5,1979
51.6,740.0,129.9,1979
46.6,566.0,134.4,1979
61.6,1236.0,119.8,1979
-62.7,4789.0,100.5,1979
65.7,1530.0,115.3,1979
69.4,1876.0,110.8,1979
37.4,343.0,138.7,1979
62.8,1324.0,118.2,1979
60.4,1175.0,120.3,1979
45.4,541.0,131.4,1979
55.1,905.0,124.0,1979
60.2,1167.0,119.7,1979
60.9,1205.0,118.9,1979
54.4,873.0,123.2,1979
68.7,1803.0,111.7,1979
53.9,851.0,122.4,1979
48.0,629.0,124.9,1979
51.5,756.0,122.4,1979
60.7,1190.0,116.8,1979
66.7,1612.0,112.4,1979
62.9,1328.0,114.6,1979
62.1,1275.0,114.6,1979
49.2,667.0,119.4,1979
46.3,571.0,119.3,1979
64.2,1411.0,112.1,1979
69.5,1857.0,108.9,1979
68.6,1761.0,109.2,1979
56.7,968.0,113.1,1979
58.7,1070.0,111.8,1979
56.3,950.0,111.7,1979
71.9,2122.0,106.4,1979
41.7,437.0,111.4,1979
58.4,1049.0,109.0,1979
68.8,1768.0,106.5,1979
69.9,1872.0,105.8,1979
70.7,1973.0,105.3,1979
61.9,1241.0,105.8,1979
61.1,1191.0,105.1,1979
46.5,564.0,103.6,1979
60.5,1152.0,103.6,1979
53.3,804.0,102.2,1979
67.5,1635.0,102.7,1979
56.8,959.0,100.8,1979
48.0,607.0,98.3,1979
51.5,731.0,97.9,1979
50.4,691.0,96.7,1979
54.2,841.0,96.6,1979
45.3,525.0,93.1,1979
48.9,639.0,93.1,1979
52.2,760.0,93.1,1979
64.1,1372.0,96.3,1979
52.2,759.0,91.1,1979
59.7,1109.0,93.1,1979
46.4,563.0,86.7,1979
49.6,668.0,86.9,1979
60.0,1131.0,90.8,1979
62.2,1251.0,91.1,1979
58.6,1050.0,88.4,1979
49.6,665.0,82.8,1979
55.1,888.0,84.8,1979
53.9,835.0,83.1,1979
47.7,596.0,78.6,1979
63.3,1329.0,87.4,1979
52.6,782.0,79.5,1979
53.7,827.0,79.2,1979
59.6,1115.0,82.5,1979
47.2,598.0,73.0,1979
50.7,720.0,74.3,1979
50.9,733.0,73.6,1979
43.8,483.0,67.5,1979
53.0,799.0,73.3,1979
50.1,693.0,70.2,1979
46.5,576.0,66.4,1979
57.9,1038.0,74.8,1979
56.0,949.0,72.4,1979
50.9,742.0,67.2,1979
51.0,750.0,66.3,1979
50.0,689.0,64.6,1979
38.6,370.0,53.9,1979
63.9,1410.0,76.7,1979
47.4,615.0,59.6,1979
43.1,491.0,54.7,1979
46.0,582.0,56.6,1979
55.5,951.0,65.1,1979
39.5,421.0,48.7,1979
40.9,419.0,49.2,1979
47.5,611.0,54.8,1979
52.0,780.0,58.7,1979
49.8,709.0,55.0,1979
36.0,318.0,40.1,1979
35.2,307.0,38.5,1979
43.2,492.0,46.1,1979
51.0,754.0,53.9,1979
34.8,318.0,36.0,1979
38.5,393.0,39.2,1979
44.1,545.0,44.3,1979
44.8,528.0,44.6,1979
55.9,958.0,56.6,1979
50.0,713.0,49.6,1979
49.8,708.0,49.0,1979
43.4,508.0,41.8,1979
48.1,658.0,46.7,1979
37.9,383.0,35.7,1979
35.6,342.0,33.4,1979
17.4,151.0,17.0,1979
36.2,329.0,34.2,1979
38.9,386.0,36.9,1979
40.1,417.0,38.2,1979
49.4,699.0,47.5,1979
54.0,891.0,52.3,1979
52.7,836.0,51.1,1979
48.0,636.0,46.8,1979
37.4,354.0,38.4,1979
34.4,299.0,36.8,1979
46.8,604.0,46.8,1979
61.1,1257.0,59.9,1979
40.0,417.0,42.8,1979
53.2,847.0,53.2,1979
42.9,495.0,46.2,1979
53.7,873.0,54.4,1979
35.4,326.0,43.6,1979
38.2,382.0,45.9,1979
48.0,651.0,52.1,1979
38.5,389.0,48.0,1979
42.4,483.0,50.7,1979
36.2,342.0,49.2,1979
43.7,520.0,53.1,1979
35.3,327.0,51.2,1979
63.5,1408.0,65.7,1979
56.5,1001.0,62.7,1979
40.3,427.0,58.1,1979
50.3,732.0,61.8,1979
47.2,623.0,61.9,1979
57.2,1031.0,65.6,1979
54.0,875.0,65.4,1979
52.1,797.0,65.8,1979
46.1,582.0,65.7,1979
54.2,883.0,68.0,1979
41.1,442.0,67.6,1979
44.3,525.0,68.9,1979
45.9,572.0,70.1,1979
50.2,718.0,71.3,1979
57.1,1019.0,72.6,1979
49.4,684.0,73.3,1979
56.8,993.0,74.3,1979
56.6,986.0,75.1,1979
50.6,728.0,76.4,1979
53.9,860.0,77.1,1979
58.3,1068.0,77.6,1979
55.5,929.0,78.8,1979
63.4,1368.0,78.6,1979
58.9,1099.0,80.1,1979
65.5,1517.0,79.6,1979
61.3,1230.0,81.2,1979
60.4,1182.0,82.2,1979
65.0,1473.0,81.7,1979
55.4,922.0,85.5,1979
56.5,975.0,86.0,1979
53.4,867.0,118.9,1979
58.5,1139.0,114.6,1979
34.0,333.0,141.5,1979
47.9,653.0,129.9,1979
0.0,0.0,0.0,1979
50.6,772.0,128.4,1979
64.7,1522.0,112.4,1979
50.2,735.0,130.0,1979
51.1,777.0,129.7,1979
39.1,407.0,142.9,1979
48.5,686.0,133.1,1979
66.0,1634.0,113.0,1979
46.6,602.0,135.4,1979
61.2,1288.0,119.7,1979
64.3,1504.0,116.2,1979
63.0,1413.0,117.9,1979
64.7,1534.0,116.1,1979
54.5,923.0,127.1,1979
0.0,0.0,0.0,1979
61.6,1321.0,119.6,1979
60.8,1270.0,120.2,1979
52.1,826.0,127.4,1979
70.0,2050.0,110.3,1979
59.0,1167.0,121.1,1979
60.9,1280.0,119.2,1979
67.2,1748.0,113.4,1979
65.0,1562.0,115.4,1979
50.0,745.0,125.6,1979
35.1,330.0,131.6,1979
62.6,1384.0,115.7,1979
0.0,0.0,0.0,1979
36.8,364.0,124.2,1979
52.4,836.0,118.7,1979
70.1,2017.0,108.7,1979
65.5,1579.0,110.9,1979
54.2,909.0,114.1,1979
69.0,1892.0,108.5,1979
61.0,1263.0,110.9,1979
72.9,2408.0,105.8,1979
51.3,782.0,111.2,1979
61.4,1283.0,108.2,1979
55.7,970.0,107.6,1979
69.0,1872.0,105.4,1979
55.7,967.0,105.5,1979
49.4,700.0,104.2,1979
62.7,1355.0,104.0,1979
54.7,917.0,102.7,1979
66.0,1591.0,102.9,1979
48.7,672.0,99.9,1979
39.0,393.0,97.0,1979
50.9,752.0,98.7,1979
0.0,0.0,0.0,1979
58.1,1083.0,98.0,1979
61.2,1259.0,97.9,1979
60.5,1212.0,96.9,1979
69.9,1950.0,99.4,1979
61.3,1267.0,95.7,1979
69.0,1864.0,98.0,1979
65.1,1522.0,95.7,1979
66.0,1595.0,95.4,1979
74.5,2829.0,100.6,1979
70.7,2054.0,96.9,1979
62.9,1376.0,91.8,1979
53.1,855.0,86.0,1979
60.3,1215.0,88.9,1979
61.4,1287.0,88.7,1979
68.3,1817.0,92.6,1979
61.7,1311.0,87.4,1979
54.2,893.0,81.8,1979
64.6,1498.0,88.0,1979
57.7,1072.0,82.3,1979
44.0,530.0,72.5,1979
58.5,1121.0,81.3,1979
49.4,717.0,73.9,1979
47.7,659.0,71.7,1979
56.7,1019.0,77.4,1979
46.6,612.0,68.9,1979
55.8,987.0,75.1,1979
60.5,1245.0,78.2,1979
47.1,641.0,66.3,1979
53.1,875.0,70.2,1979
38.6,412.0,57.6,1979
51.8,829.0,67.3,1979
60.0,1243.0,74.2,1979
64.0,1482.0,78.1,1979
44.5,550.0,58.9,1979
54.2,923.0,66.9,1979
48.2,682.0,60.4,1979
53.4,898.0,64.6,1980
60.1,1252.0,70.7,1980
58.6,1169.0,68.4,1980
57.5,1080.0,66.6,1980
46.0,605.0,54.2,1980
60.2,1248.0,68.9,1980
51.5,817.0,58.3,1980
60.0,1250.0,66.5,1980
59.1,1181.0,65.0,1980
59.1,1181.0,65.0,1980
62.1,1373.0,67.9,1980
36.7,368.0,39.7,1980
42.5,514.0,45.0,1980
39.2,433.0,40.8,1980
37.6,400.0,38.5,1980
40.2,439.0,40.2,1980
40.0,440.0,39.6,1980
38.5,407.0,37.5,1980
46.5,639.0,45.9,1980
43.4,545.0,42.2,1980
39.3,439.0,37.5,1980
47.2,674.0,45.8,1980
32.9,288.0,30.6,1980
50.3,768.0,48.7,1980
39.0,417.0,36.8,1980
46.0,618.0,43.9,1980
58.1,1151.0,56.9,1980
53.6,925.0,51.9,1980
59.0,1208.0,57.7,1980
66.5,1740.0,66.5,1980
73.4,2937.0,80.2,1980
49.2,731.0,47.6,1980
45.6,608.0,44.6,1980
45.8,618.0,45.1,1980
50.3,781.0,49.3,1980
45.9,625.0,45.9,1980
52.0,854.0,51.4,1980
39.9,452.0,42.5,1980
37.2,392.0,41.5,1980
46.5,649.0,48.4,1980
51.5,837.0,52.5,1980
46.1,636.0,49.3,1980
34.7,343.0,43.9,1980
0.0,0.0,0.0,1980
46.2,641.0,52.3,1980
49.4,756.0,54.7,1980
48.1,707.0,54.8,1980
47.2,675.0,55.2,1980
43.9,568.0,54.7,1980
47.7,689.0,57.1,1980
48.4,716.0,58.2,1980
56.6,1071.0,62.4,1980
62.6,1424.0,65.9,1980
49.0,734.0,61.1,1980
52.7,885.0,63.1,1980
48.4,711.0,62.8,1980
51.3,821.0,64.4,1980
45.1,596.0,64.1,1980
55.1,987.0,67.0,1980
63.8,1494.0,70.0,1980
50.9,800.0,68.1,1980
54.1,934.0,69.4,1980
48.6,708.0,69.8,1980
55.1,981.0,71.3,1980
62.2,1380.0,72.8,1980
42.5,509.0,73.2,1980
58.5,1151.0,74.0,1980
59.5,1208.0,74.8,1980
51.1,796.0,76.0,1980
43.3,530.0,77.9,1980
49.3,725.0,78.3,1980
54.1,923.0,78.7,1980
46.2,618.0,81.0,1980
50.0,751.0,81.5,1980
56.7,1048.0,81.1,1980
52.1,835.0,83.1,1980
0.0,0.0,0.0,1980
53.4,893.0,84.7,1980
55.8,1002.0,85.0,1980
63.5,1458.0,83.3,1980
64.9,1555.0,83.5,1980
60.0,1235.0,86.2,1980
65.3,1591.0,84.7,1980
61.8,1346.0,87.0,1980
59.0,1179.0,89.2,1980
51.2,808.0,93.8,1980
60.7,1281.0,90.0,1980
57.6,1109.0,92.5,1980
64.7,1558.0,89.2,1980
56.0,1029.0,95.2,1980
67.2,1773.0,88.8,1980
57.2,1073.0,96.3,1980
63.8,1484.0,92.5,1980
67.8,1817.0,90.1,1980
62.2,1377.0,95.3,1980
61.5,1339.0,96.5,1980
52.8,881.0,103.8,1980
46.7,648.0,109.1,1980
66.9,1737.0,93.9,1980
67.0,1744.0,94.5,1980
61.7,1350.0,100.0,1980
58.7,1172.0,103.5,1980
55.3,995.0,107.2,1980
0.0,0.0,0.0,1980
54.3,959.0,109.8,1980
55.8,1007.0,109.2,1980
59.9,1236.0,106.1,1980
66.8,1755.0,99.3,1980
62.6,1423.0,104.7,1980
0.0,0.0,0.0,1980
51.6,837.0,117.3,1980
57.1,1103.0,112.6,1980
65.2,1612.0,104.2,1980
63.8,1508.0,106.5,1980
57.0,1087.0,114.6,1980
52.7,882.0,119.9,1980
54.0,945.0,119.3,1980
56.6,1082.0,117.1,1980
61.7,1397.0,111.7,1980
-36.8,1644.0,140.1,1980
54.5,959.0,121.2,1980
66.3,1742.0,107.4,1980
56.9,1092.0,119.6,1980
61.7,1393.0,114.3,1980
52.8,903.0,125.2,1980
62.6,1438.0,114.6,1980
62.1,1411.0,116.2,1980
55.8,1036.0,124.3,1980
56.3,1067.0,123.3,1980
65.2,1663.0,113.5,1980
69.3,2090.0,106.9,1980
64.6,1621.0,114.2,1980
69.7,2117.0,106.9,1980
71.0,2325.0,104.8,1980
68.6,1999.0,109.3,1980
68.0,1936.0,110.5,1980
58.5,1193.0,122.7,1980
62.4,1449.0,118.4,1980
56.6,1095.0,125.0,1980
54.0,959.0,127.8,1980
56.3,1077.0,125.4,1980
61.5,1393.0,119.8,1980
62.6,1472.0,118.7,1980
57.2,1135.0,124.1,1980
73.1,2773.0,103.7,1980
67.8,1918.0,112.8,1980
57.2,1137.0,123.6,1980
62.3,1457.0,118.7,1980
57.1,1131.0,123.2,1980
61.1,1375.0,119.4,1980
66.0,1749.0,114.7,1980
60.9,1357.0,119.2,1980
62.1,1441.0,117.9,1980
52.6,910.0,124.3,1980
67.9,1919.0,112.4,1980
60.5,1327.0,118.2,1980
62.3,1444.0,116.6,1980
66.9,1812.0,112.8,1980
47.9,716.0,123.3,1980
68.5,1968.0,111.1,1980
69.4,2064.0,110.2,1980
72.6,2522.0,107.1,1980
61.2,1360.0,114.6,1980
70.9,2235.0,108.5,1980
66.0,1712.0,111.3,1980
56.9,1103.0,114.5,1980
53.7,944.0,114.7,1980
51.3,838.0,114.4,1980
58.1,1164.0,112.0,1980
59.4,1239.0,111.0,1980
63.5,1508.0,109.3,1980
55.8,1039.0,109.3,1980
57.7,1137.0,108.3,1980
74.6,3332.0,103.4,1980
58.5,1179.0,106.7,1980
66.6,1740.0,105.5,1980
66.5,1732.0,104.9,1980
63.6,1502.0,104.4,1980
57.4,1114.0,103.4,1980
62.3,1406.0,103.0,1980
57.8,1131.0,101.8,1980
50.5,789.0,99.8,1980
38.5,412.0,96.2,1980
57.3,1107.0,99.1,1980
68.4,1896.0,100.8,1980
52.2,859.0,96.0,1980
67.6,1822.0,99.5,1980
57.9,1136.0,95.8,1980
63.2,1468.0,96.7,1980
55.8,1031.0,93.3,1980
63.5,1493.0,95.4,1980
49.5,754.0,89.0,1980
63.2,1476.0,93.9,1980
49.5,757.0,86.9,1980
55.1,999.0,88.4,1980
60.1,1277.0,90.1,1980
59.1,1217.0,88.7,1980
61.3,1356.0,89.1,1980
51.1,830.0,82.5,1980
68.4,1930.0,92.5,1980
62.7,1462.0,87.8,1980
58.6,1205.0,84.3,1980
62.7,1473.0,85.6,1980
45.4,636.0,72.8,1980
38.1,437.0,67.2,1980
60.8,1359.0,81.9,1980
56.0,1087.0,77.3,1980
64.4,1621.0,83.5,1980
49.0,784.0,70.2,1980
45.4,658.0,66.5,1980
57.2,1168.0,75.0,1980
57.6,1195.0,74.6,1980
49.6,823.0,66.8,1980
40.2,522.0,58.3,1980
50.1,853.0,65.5,1980
39.6,515.0,55.6,1980
52.1,947.0,65.5,1980
38.6,501.0,52.8,1980
41.9,592.0,54.5,1980
53.1,1013.0,64.1,1980
41.4,588.0,52.2,1980
32.0,385.0,42.9,1980
39.4,546.0,48.5,1980
50.5,918.0,58.5,1980
35.9,473.0,43.4,1980
52.1,999.0,58.7,1980
43.1,670.0,48.7,1980
47.3,815.0,52.3,1980
32.6,428.0,36.6,1980
37.6,535.0,40.8,1980
31.1,412.0,33.5,1980
0.0,0.0,0.0,1980
52.4,1049.0,54.7,1980
41.5,656.0,42.4,1980
24.7,347.0,24.1,1980
27.2,377.0,26.2,1980
32.2,454.0,31.0,1980
41.3,668.0,40.4,1980
0.0,0.0,0.0,1980
36.6,556.0,34.8,1980
20.5,343.0,18.6,1980
24.0,372.0,22.1,1980
32.0,480.0,29.9,1980
24.2,382.0,23.8,1980
36.6,581.0,35.1,1980
19.8,355.0,22.4,1980
34.4,546.0,36.3,1980
24.0,395.0,31.0,1980
20.6,371.0,30.9,1980
23.6,394.0,33.2,1980
22.1,382.0,34.0,1980
31.5,498.0,38.9,1980
0.0,0.0,0.0,1980
45.6,859.0,48.8,1980
36.6,600.0,44.4,1980
27.5,439.0,41.9,1980
33.9,544.0,45.3,1980
39.8,679.0,48.8,1980
41.9,740.0,50.7,1980
0.0,0.0,0.0,1980
26.3,424.0,48.2,1980
34.7,557.0,52.5,1980
34.4,552.0,53.6,1980
31.4,495.0,54.4,1980
56.4,1328.0,62.8,1980
49.7,1008.0,61.0,1980
44.6,817.0,60.5,1980
42.7,758.0,61.2,1980
22.0,378.0,61.1,1980
0.0,0.0,0.0,1980
36.5,588.0,65.3,1980
0.0,0.0,0.0,1980
38.6,637.0,67.9,1980
46.1,859.0,71.5,1980
45.1,821.0,73.8,1980
58.5,1423.0,74.6,1980
56.1,1284.0,76.4,1980
32.8,503.0,80.3,1980
43.7,769.0,82.3,1980
40.1,665.0,85.5,1980
52.8,1121.0,83.6,1980
56.3,1293.0,83.6,1980
0.0,0.0,0.0,1980
55.7,1261.0,85.7,1980
55.1,1232.0,86.9,1980
55.3,1240.0,87.8,1980
61.6,1612.0,86.1,1980
56.8,1323.0,89.0,1980
28.8,443.0,101.4,1980
55.9,1279.0,91.3,1980
40.0,670.0,99.6,1980
50.7,1037.0,95.8,1980
0.0,0.0,0.0,1980
15.3,355.0,113.8,1980
40.8,710.0,107.9,1980
56.4,1333.0,99.2,1980
72.9,2863.0,85.8,1980
60.5,1582.0,97.9,1980
59.7,1535.0,99.3,1980
29.4,485.0,120.8,1980
0.0,0.0,0.0,1980
31.8,543.0,126.0,1980
31.5,541.0,127.5,1980
36.1,636.0,125.4,1980
50.8,1113.0,114.4,1980
39.2,726.0,126.2,1980
56.6,1424.0,112.2,1980
42.6,836.0,126.4,1980
28.8,535.0,139.3,1980
6.5,471.0,155.4,1980
38.6,739.0,132.8,1980
44.7,924.0,127.9,1980
58.7,1583.0,114.1,1980
45.0,944.0,129.2,1980
44.2,929.0,131.5,1980
53.1,1297.0,122.7,1980
60.8,1753.0,114.4,1980
33.4,657.0,144.8,1980
59.6,1679.0,116.9,1980
0.0,0.0,0.0,1980
43.2,925.0,136.2,1980
59.0,1656.0,119.0,1980
64.0,2029.0,113.2,1980
69.2,2560.0,106.2,1980
63.4,1986.0,114.8,1980
14.4,506.0,168.1,1980
67.9,2419.0,109.4,1980
51.5,1278.0,129.6,1980
45.3,1026.0,136.6,1980
60.7,1806.0,119.7,1980
43.5,973.0,138.6,1980
59.7,1750.0,121.2,1980
63.6,2036.0,116.8,1980
46.7,1097.0,135.2,1980
56.7,1572.0,124.9,1980
57.3,1608.0,124.3,1980
57.6,1629.0,124.0,1981
48.7,1183.0,132.8,1981
58.3,1673.0,123.3,1981
0.0,0.0,0.0,1981
47.5,1141.0,132.9,1981
35.3,770.0,141.7,1981
56.8,1591.0,124.1,1981
24.4,593.0,145.5,1981
60.6,1833.0,120.1,1981
68.8,2548.0,111.9,1981
54.7,1472.0,124.4,1981
70.5,2774.0,109.8,1981
68.5,2516.0,112.0,1981
61.3,1875.0,118.3,1981
51.5,1313.0,124.5,1981
50.7,1278.0,124.3,1981
69.7,2644.0,110.5,1981
63.7,2054.0,115.2,1981
52.6,1363.0,121.2,1981
34.5,754.0,126.8,1981
41.9,945.0,123.7,1981
53.2,1388.0,118.8,1981
30.1,667.0,123.7,1981
40.0,885.0,119.8,1981
60.0,1768.0,113.4,1981
70.7,2744.0,107.9,1981
52.2,1334.0,114.3,1981
62.6,1942.0,110.7,1981
28.9,642.0,114.2,1981
44.7,1027.0,112.5,1981
62.9,1963.0,108.8,1981
54.4,1433.0,109.6,1981
43.6,985.0,109.2,1981
50.9,1262.0,108.0,1981
54.8,1406.0,106.7,1981
37.3,800.0,105.3,1981
0.0,0.0,0.0,1981
36.7,784.0,102.7,1981
61.0,1812.0,103.6,1981
20.4,543.0,97.1,1981
62.1,1888.0,102.2,1981
52.5,1326.0,100.2,1981
59.2,1691.0,100.3,1981
41.6,914.0,96.0,1981
55.8,1493.0,98.0,1981
53.6,1380.0,96.5,1981
52.1,1308.0,95.2,1981
0.0,0.0,0.0,1981
42.5,942.0,90.2,1981
69.2,2520.0,98.2,1981
43.4,972.0,88.1,1981
34.8,742.0,83.8,1981
47.2,1108.0,87.2,1981
47.6,1124.0,86.3,1981
41.1,905.0,82.4,1981
38.1,825.0,79.9,1981
0.0,0.0,0.0,1981
34.9,752.0,76.0,1981
52.6,1351.0,83.5,1981
54.5,1445.0,83.6,1981
41.7,935.0,75.5,1981
30.3,676.0,67.2,1981
49.0,1200.0,76.3,1981
29.0,666.0,61.0,1981
43.7,1018.0,68.7,1981
32.8,742.0,59.4,1981
61.7,1952.0,79.2,1981
9.1,729.0,41.1,1981
27.9,826.0,44.1,1981
13.4,714.0,54.8,1981
28.0,822.0,56.1,1981
37.3,1005.0,66.1,1981
23.8,760.0,67.8,1981
30.6,854.0,73.0,1981
41.9,1130.0,73.5,1981
49.1,1397.0,75.5,1981
40.2,1076.0,77.4,1981
45.0,1232.0,78.1,1981
33.4,905.0,81.0,1981
43.8,1191.0,81.8,1981
34.3,923.0,85.0,1981
51.1,1483.0,82.6,1981
58.1,1855.0,82.1,1981
48.3,1361.0,85.4,1981
35.3,944.0,90.2,1981
22.1,737.0,95.3,1981
38.2,1018.0,92.0,1981
26.2,782.0,97.1,1981
38.5,1028.0,94.5,1981
44.3,1209.0,93.7,1981
21.0,732.0,103.3,1981
10.8,711.0,109.6,1981
37.9,1017.0,101.2,1981
40.7,1098.0,101.3,1981
26.7,799.0,108.7,1981
46.5,1304.0,100.8,1981
48.6,1388.0,100.8,1981
13.7,719.0,118.2,1981
22.7,763.0,116.3,1981
14.6,724.0,121.1,1981
33.5,932.0,113.9,1981
24.0,784.0,120.1,1981
33.4,937.0,116.5,1981
42.3,1178.0,112.3,1981
53.3,1637.0,105.7,1981
46.2,1324.0,111.9,1981
43.5,1230.0,114.9,1981
50.5,1520.0,111.5,1981
49.2,1462.0,113.6,1981
0.0,0.0,0.0,1981
42.1,1203.0,121.3,1981
20.8,794.0,137.8,1981
29.4,902.0,133.4,1981
27.6,878.0,135.9,1981
43.9,1284.0,123.8,1981
46.6,1391.0,122.3,1981
28.6,906.0,138.8,1981
57.8,1968.0,112.9,1981
50.4,1567.0,121.2,1981
0.0,0.0,0.0,1981
54.5,1787.0,118.4,1981
40.5,1204.0,133.3,1981
39.8,1189.0,134.8,1981
45.6,1392.0,129.7,1981
51.0,1630.0,124.7,1981
37.3,1131.0,139.6,1981
39.4,1194.0,138.2,1981
50.6,1625.0,126.9,1981
56.4,1943.0,121.0,1981
44.9,1393.0,134.1,1981
55.4,1894.0,123.0,1981
48.8,1560.0,130.9,1981
47.4,1503.0,132.8,1981
66.2,2728.0,111.1,1981
52.9,1771.0,127.4,1981
60.0,2213.0,119.6,1981
50.4,1654.0,130.8,1981
46.0,1467.0,135.7,1981
19.8,889.0,162.0,1981
47.9,1551.0,134.0,1981
39.6,1250.0,142.6,1981
0.0,0.0,0.0,1981
0.0,0.0,0.0,1981
55.2,1930.0,126.5,1981
0.0,0.0,0.0,1981
28.3,1002.0,150.8,1981
52.0,1759.0,129.7,1981
49.9,1659.0,131.5,1981
48.7,1606.0,132.4,1981
55.7,1972.0,125.6,1981
38.1,1226.0,139.5,1981
36.8,1193.0,139.6,1981
27.6,1000.0,143.8,1981
27.6,1001.0,142.7,1981
20.6,918.0,143.7,1981
58.1,2122.0,121.9,1981
66.0,2745.0,114.5,1981
49.0,1627.0,126.2,1981
38.4,1238.0,130.6,1981
48.1,1583.0,125.3,1981
60.5,2281.0,117.5,1981
44.1,1424.0,125.4,1981
66.7,2812.0,112.5,1981
38.9,1251.0,125.2,1981
35.1,1147.0,125.0,1981
46.7,1522.0,120.8,1981
33.9,1116.0,122.7,1981
51.8,1749.0,117.3,1981
47.4,1547.0,117.7,1981
64.8,2609.0,110.6,1981
54.9,1908.0,113.2,1981
44.7,1432.0,114.2,1981
55.0,1913.0,111.5,1981
21.9,917.0,111.8,1981
35.6,1148.0,111.2,1981
45.6,1462.0,109.8,1981
58.7,2133.0,107.8,1981
41.5,1315.0,107.5,1981
60.9,2276.0,106.1,1981
47.8,1549.0,104.4,1981
0.0,0.0,0.0,1981
47.8,1546.0,102.2,1981
30.1,1023.0,98.5,1981
55.5,1924.0,101.1,1981
27.6,979.0,95.2,1981
26.9,969.0,93.6,1981
47.4,1525.0,95.6,1981
26.3,960.0,89.1,1981
18.3,883.0,85.6,1981
13.0,870.0,81.2,1981
37.1,1181.0,84.2,1981
35.9,1154.0,79.8,1981
33.9,1119.0,69.8,1981
55.8,1966.0,81.1,1981
25.0,973.0,60.0,1981
18.7,968.0,35.3,1981
23.2,1114.0,36.6,1981
30.5,1217.0,63.6,1982
20.3,1063.0,86.9,1982
-7.9,1251.0,107.5,1982
17.0,1045.0,103.3,1982
30.1,1203.0,102.0,1982
30.0,1206.0,106.3,1982
31.6,1242.0,108.4,1982
3.9,1085.0,119.8,1982
32.6,1268.0,110.7,1982
34.6,1319.0,111.0,1982
42.5,1561.0,109.1,1982
30.1,1227.0,117.4,1982
47.5,1772.0,109.2,1982
37.5,1413.0,117.0,1982
46.5,1733.0,112.0,1982
38.8,1461.0,118.5,1982
33.6,1322.0,123.2,1982
33.3,1326.0,127.2,1982
34.5,1364.0,128.6,1982
7.7,1111.0,146.2,1982
31.3,1303.0,134.7,1982
34.5,1382.0,133.2,1982
30.5,1299.0,138.7,1982
38.0,1489.0,133.2,1982
54.2,2191.0,118.3,1982
50.1,1975.0,123.2,1982
58.5,2482.0,115.0,1982
48.5,1910.0,126.2,1982
38.7,1532.0,137.0,1982
48.7,1927.0,127.4,1982
47.1,1856.0,129.8,1982
47.7,1888.0,129.7,1982
32.2,1375.0,146.5,1982
53.8,2215.0,124.1,1982
42.5,1688.0,136.9,1982
50.9,2064.0,128.3,1982
39.5,1590.0,141.1,1982
49.6,2008.0,130.5,1982
52.1,2143.0,128.5,1982
43.3,1739.0,138.3,1982
28.3,1327.0,154.1,1982
26.0,1291.0,156.3,1982
37.5,1552.0,144.7,1982
14.1,1191.0,165.7,1982
55.7,2376.0,125.8,1982
47.4,1931.0,134.6,1982
27.6,1330.0,152.6,1982
42.8,1745.0,138.8,1982
40.1,1649.0,141.0,1982
56.4,2434.0,125.3,1982
49.0,2019.0,132.2,1982
51.8,2160.0,129.5,1982
21.5,1255.0,148.3,1982
63.9,3024.0,117.2,1982
58.4,2576.0,122.3,1982
45.4,1861.0,132.2,1982
40.0,1654.0,135.1,1982
57.8,2534.0,122.0,1982
56.0,2415.0,123.0,1982
31.8,1425.0,136.2,1982
38.6,1611.0,132.2,1982
51.4,2143.0,124.6,1982
34.4,1486.0,131.9,1982
56.8,2459.0,120.1,1982
41.7,1711.0,127.1,1982
45.1,1844.0,124.7,1982
2.0,1250.0,127.2,1982
30.4,1390.0,126.8,1982
36.7,1545.0,124.3,1982
21.6,1248.0,120.3,1982
21.5,1245.0,117.4,1982
18.6,1218.0,115.7,1982
31.9,1409.0,108.0,1982
47.8,1937.0,105.1,1982
8.9,1189.0,98.7,1982
33.4,1440.0,101.4,1982
41.8,1689.0,97.6,1982
36.7,1526.0,95.3,1982
32.6,1419.0,87.7,1982
13.2,1191.0,73.2,1982
8.2,1331.0,94.7,1982
20.2,1372.0,95.0,1982
39.7,1791.0,94.9,1982
16.6,1349.0,106.9,1982
27.4,1488.0,112.0,1982
7.1,1371.0,130.5,1982
40.0,1847.0,118.0,1982
12.5,1375.0,135.1,1982
51.2,2368.0,115.3,1982
27.6,1545.0,135.3,1982
48.7,2257.0,121.0,1982
-2.6,1511.0,155.1,1982
37.9,1826.0,132.6,1982
19.6,1456.0,148.8,1982
38.9,1873.0,134.4,1982
0.0,0.0,0.0,1982
30.6,1646.0,144.1,1982
56.1,2742.0,120.2,1982
30.7,1663.0,147.5,1982
34.4,1808.0,132.7,1982
6.5,1485.0,124.7,1982
30.4,1701.0,123.8,1982
31.5,1722.0,119.8,1982
41.7,2043.0,117.3,1982
45.9,2215.0,113.4,1982
32.8,1750.0,113.1,1982
27.4,1625.0,108.7,1982
26.0,1599.0,107.2,1982
37.1,1865.0,100.2,1982
45.5,2184.0,99.0,1982
21.1,1524.0,85.7,1982
16.6,1615.0,104.1,1983
-16.5,1992.0,112.2,1983
2.7,1622.0,110.9,1983
-12.0,1872.0,119.5,1983
17.5,1632.0,114.7,1983
8.8,1603.0,119.1,1983
17.7,1643.0,120.8,1983
22.4,1704.0,123.3,1983
36.1,2022.0,118.5,1983
0.0,0.0,0.0,1983
5.3,1640.0,136.2,1983
17.6,1674.0,137.6,1983
0.0,0.0,0.0,1983
43.0,2315.0,123.5,1983
25.9,1801.0,138.1,1983
24.1,1777.0,141.9,1983
35.1,2038.0,134.3,1983
28.9,1877.0,140.6,1983
29.0,1886.0,142.8,1983
30.0,1914.0,142.9,1983
9.8,1680.0,159.8,1983
25.0,1817.0,149.4,1983
35.1,2066.0,140.9,1983
33.5,2022.0,143.2,1983
36.1,2105.0,141.4,1983
38.1,2177.0,140.1,1983
27.2,1876.0,151.8,1983
36.5,2127.0,143.0,1983
45.7,2510.0,134.2,1983
47.5,2602.0,132.7,1983
42.3,2362.0,138.6,1983
33.8,2056.0,148.0,1983
34.7,2087.0,147.3,1983
47.1,2595.0,134.4,1983
44.0,2445.0,137.9,1983
13.2,1727.0,167.8,1983
35.3,2115.0,147.0,1983
22.6,1821.0,158.7,1983
27.8,1918.0,153.7,1983
37.1,2180.0,144.8,1983
42.3,2383.0,139.6,1983
28.5,1940.0,150.9,1983
48.5,2689.0,133.0,1983
45.5,2535.0,135.6,1983
31.3,2010.0,145.9,1983
30.7,1995.0,145.4,1983
37.9,2217.0,139.8,1983
37.1,2190.0,139.6,1983
48.9,2715.0,130.4,1983
26.6,1902.0,143.4,1983
33.1,2060.0,139.4,1983
36.4,2165.0,136.6,1983
26.6,1901.0,139.8,1983
23.0,1834.0,139.5,1983
42.5,2398.0,129.9,1983
0.0,0.0,0.0,1983
46.6,2588.0,126.1,1983
0.0,0.0,0.0,1983
23.9,1842.0,126.9,1983
44.7,2486.0,120.5,1983
18.5,1764.0,122.6,1983
48.4,2668.0,117.5,1983
45.7,2529.0,117.2,1983
37.7,2384.0,129.2,1983
18.0,1925.0,144.9,1983
41.1,2538.0,130.1,1984
28.9,2132.0,142.0,1984
37.3,2403.0,138.1,1984
16.8,1943.0,159.1,1984
21.4,2003.0,156.0,1984
26.8,2108.0,151.6,1984
27.8,2134.0,151.4,1984
44.3,2725.0,134.9,1984
44.9,2755.0,134.8,1984
40.9,2573.0,139.5,1984
0.0,0.0,0.0,1984
33.1,2290.0,148.5,1984
42.6,2657.0,138.7,1984
32.6,2279.0,149.5,1984
48.6,2973.0,132.8,1984
29.7,2200.0,152.7,1984
40.8,2586.0,141.3,1984
36.3,2409.0,145.9,1984
32.4,2283.0,149.6,1984
28.6,2179.0,152.9,1984
-6.5,2054.0,160.4,1984
-9.0,2100.0,157.4,1984
16.2,1969.0,159.6,1984
35.0,2370.0,145.5,1984
43.7,2730.0,137.4,1984
41.1,2610.0,139.4,1984
38.6,2505.0,141.0,1984
12.2,1941.0,154.0,1984
35.3,2384.0,142.1,1984
27.2,2149.0,146.3,1984
36.2,2413.0,140.1,1984
40.1,2568.0,136.7,1984
42.3,2662.0,134.5,1984
41.9,2646.0,134.0,1984
29.2,2198.0,139.8,1984
41.1,2609.0,132.9,1984
38.8,2511.0,133.3,1984
37.3,2451.0,133.1,1984
48.5,2978.0,126.4,1984
34.6,2354.0,132.1,1984
-5.8,2030.0,130.5,1984
30.2,2217.0,131.0,1984
27.3,2141.0,130.3,1984
22.3,2040.0,129.6,1984
25.6,2099.0,125.1,1984
10.2,1913.0,116.9,1984
8.2,2007.0,34.5,1984
0.0,0.0,0.0,1985
0.0,0.0,0.0,1986
15.5,2356.0,123.2,1986
0.0,0.0,0.0,1986
16.6,2423.0,163.1,1986
0.0,0.0,0.0,1986
0.0,0.0,0.0,1986
29.9,2772.0,151.7,1986
31.6,2834.0,150.2,1986
15.5,2408.0,167.0,1986
38.2,3122.0,143.8,1986
33.4,2904.0,148.9,1986
25.2,2622.0,157.0,1986
15.4,2405.0,164.5,1986
27.6,2694.0,152.8,1986
22.9,2556.0,155.8,1986
34.2,2937.0,146.2,1986
3.6,2301.0,159.0,1986
19.9,2483.0,154.6,1986
27.0,2668.0,148.6,1986
34.0,2922.0,141.5,1986
35.8,3000.0,139.5,1986
41.4,3275.0,135.2,1986
32.6,2859.0,139.5,1986
31.0,2797.0,139.2,1986
33.9,2910.0,136.8,1986
32.3,2843.0,136.4,1986
24.6,2580.0,135.1,1986
24.0,2591.0,140.9,1987
8.7,2315.0,151.3,1987
32.8,2909.0,142.5,1987
7.4,2313.0,165.9,1987
21.4,2535.0,156.0,1987
25.6,2653.0,152.9,1987
28.9,2764.0,152.1,1987
36.2,3069.0,145.2,1987
37.9,3154.0,144.0,1987
24.5,2622.0,157.9,1987
22.2,2557.0,160.1,1987
0.0,0.0,0.0,1987
41.6,3356.0,140.5,1987
42.6,3413.0,139.5,1987
42.4,3402.0,139.5,1987
33.3,2935.0,147.3,1987
36.3,3067.0,143.9,1987
27.2,2699.0,150.0,1987
39.7,3243.0,140.0,1987
22.3,2546.0,149.7,1987
40.2,3261.0,137.9,1987
14.9,2382.0,149.2,1987
32.3,2880.0,141.4,1987
31.7,2854.0,140.7,1987
0.0,0.0,0.0,1987
34.2,2955.0,137.5,1987
29.3,2754.0,138.5,1987
41.0,3291.0,132.1,1987
33.9,2935.0,134.4,1987
-41.9,3332.0,94.1,1987
32.4,2884.0,136.0,1987
33.3,2925.0,136.4,1987
0.0,0.0,0.0,1987
23.9,2578.0,146.4,1987
0.0,0.0,0.0,1987
39.0,3220.0,136.6,1987
38.9,3211.0,137.5,1987
46.3,3678.0,130.6,1987
28.2,2730.0,149.6,1987
21.8,2525.0,156.8,1987
40.0,3278.0,139.0,1987
25.3,2631.0,154.8,1987
15.5,2381.0,166.0,1987
42.9,3453.0,137.8,1987
40.4,3303.0,140.8,1987
26.3,2662.0,155.9,1987
42.1,3402.0,139.6,1987
27.0,2687.0,155.3,1987
14.2,2353.0,167.3,1987
48.6,3855.0,133.1,1987
41.7,3380.0,140.4,1987
38.7,3203.0,143.2,1987
42.0,3391.0,139.9,1987
3.3,2225.0,161.4,1987
32.8,2904.0,147.1,1987
15.4,2362.0,157.1,1987
26.9,2667.0,150.1,1987
12.0,2297.0,153.7,1987
34.3,2962.0,142.6,1987
-0.3,2202.0,149.3,1987
30.9,2806.0,141.9,1987
32.4,2868.0,140.1,1987
24.1,2557.0,142.5,1987
0.0,0.0,0.0,1987
0.0,0.0,0.0,1987
17.4,2375.0,139.8,1987
0.0,0.0,0.0,1987
25.6,2596.0,135.5,1987
37.0,3020.0,116.4,1988
26.5,2568.0,123.8,1988
0.0,0.0,0.0,1988
6.7,2145.0,135.2,1988
19.4,2362.0,131.7,1988
29.4,2684.0,128.8,1988
33.9,2880.0,127.0,1988
33.1,2843.0,128.8,1988
17.1,2314.0,140.3,1988
22.0,2439.0,138.9,1988
17.5,2326.0,144.5,1988
21.7,2434.0,143.2,1988
21.5,2430.0,144.6,1988
6.2,2152.0,154.6,1988
32.1,2811.0,138.7,1988
23.8,2503.0,147.9,1988
24.4,2522.0,148.5,1988
29.9,2725.0,144.6,1988
15.7,2294.0,159.3,1988
37.4,3077.0,139.9,1988
22.3,2460.0,155.5,1988
15.1,2280.0,163.3,1988
42.0,3348.0,137.0,1988
36.7,3040.0,143.2,1988
22.9,2474.0,158.0,1988
42.0,3347.0,138.9,1988
38.2,3122.0,143.2,1988
29.5,2707.0,152.5,1988
42.6,3382.0,139.1,1988
35.7,2987.0,146.4,1988
36.2,3010.0,146.0,1988
30.1,2726.0,152.1,1988
29.8,2710.0,152.2,1988
16.5,2295.0,163.1,1988
20.6,2396.0,159.3,1988
38.7,3137.0,142.4,1988
40.7,3247.0,139.9,1988
28.2,2632.0,149.0,1988
38.6,3123.0,140.6,1988
46.3,3617.0,133.8,1988
27.1,2583.0,146.8,1988
23.4,2456.0,147.5,1988
27.3,2586.0,144.6,1988
42.3,3331.0,134.8,1988
53.8,4225.0,125.6,1988
39.7,3161.0,135.0,1988
33.4,2830.0,137.4,1988
26.7,2552.0,138.9,1988
27.6,2581.0,137.4,1988
22.2,2398.0,137.3,1988
20.1,2336.0,136.2,1988
41.7,3267.0,128.6,1988
33.6,2820.0,129.5,1988
37.2,2999.0,127.2,1988
38.5,3071.0,125.7,1988
33.8,2818.0,123.3,1988
31.4,2704.0,121.1,1988
23.6,2410.0,117.2,1988
17.4,2236.0,112.3,1988
-2.4,1999.0,28.1,1988
-2.5,1951.0,56.9,1988
-2.5,1949.0,58.5,1988
-2.5,1947.0,60.1,1988
-2.5,1945.0,61.7,1988
-2.5,1943.0,63.3,1988
-2.5,1942.0,64.9,1988
14.2,2110.0,125.1,1988
8.7,2023.0,133.4,1988
14.3,2119.0,135.9,1988
2.1,1968.0,141.6,1988
25.9,2442.0,132.6,1988
0.0,0.0,0.0,1988
0.0,0.0,0.0,1988
0.0,0.0,0.0,1988
25.7,2442.0,140.5,1988
18.4,2221.0,148.4,1988
29.6,2593.0,141.0,1988
31.1,2657.0,140.8,1988
31.5,2676.0,141.4,1988
47.1,3606.0,127.3,1988
-2.7,1958.0,167.4,1988
0.0,0.0,0.0,1988
36.1,2902.0,142.0,1988
24.2,2391.0,154.7,1988
35.6,2874.0,143.8,1988
32.6,2728.0,147.4,1988
39.1,3066.0,141.2,1988
54.7,4274.0,126.2,1988
47.7,3644.0,134.2,1988
37.7,2978.0,144.4,1988
61.5,5053.0,119.5,1988
53.7,4161.0,128.1,1988
46.0,3511.0,135.7,1988
40.4,3127.0,140.8,1989
32.1,2676.0,146.8,1989
31.2,2632.0,146.7,1989
33.3,2724.0,144.5,1989
33.7,2739.0,143.5,1989
38.4,2990.0,139.4,1989
32.6,2684.0,142.5,1989
27.0,2439.0,143.4,1989
34.5,2769.0,138.6,1989
38.2,2956.0,134.8,1989
23.4,2301.0,139.5,1989
28.2,2472.0,136.9,1989
19.9,2189.0,137.4,1989
0.3,1881.0,134.4,1989
29.7,2522.0,131.5,1989
43.8,3290.0,125.6,1989
29.4,2504.0,129.0,1989
38.4,2941.0,125.6,1989
40.7,3079.0,123.8,1989
68.3,5986.0,110.3,1989
46.9,3488.0,117.9,1989
28.2,2438.0,118.3,1989
16.6,2071.0,113.4,1989
0.0,0.0,0.0,1989
4.6,1768.0,99.3,1989
15.9,1953.0,102.9,1989
34.4,2623.0,109.3,1989
21.2,2105.0,116.6,1989
19.3,2052.0,118.8,1989
40.4,2968.0,111.1,1989
30.3,2440.0,118.1,1989
35.0,2668.0,118.0,1989
29.5,2412.0,122.5,1989
19.1,2054.0,129.4,1989
8.0,1830.0,135.5,1989
0.6,1763.0,139.0,1989
11.4,1885.0,137.5,1989
39.2,2909.0,122.3,1989
34.7,2660.0,126.8,1989
26.5,2299.0,136.4,1989
39.6,2942.0,128.4,1989
38.1,2849.0,130.7,1989
27.5,2344.0,140.5,1989
42.9,3152.0,128.3,1989
41.5,3060.0,130.5,1989
39.5,2936.0,134.1,1989
41.9,3092.0,132.6,1989
24.6,2233.0,149.8,1989
42.0,3099.0,134.0,1989
38.0,2847.0,138.8,1989
36.4,2757.0,141.1,1989
28.2,2367.0,150.1,1989
39.2,2919.0,139.5,1989
42.9,3157.0,136.2,1989
25.3,2252.0,155.1,1989
30.5,2464.0,150.2,1989
36.9,2782.0,143.9,1989
39.7,2942.0,141.4,1989
21.2,2107.0,161.2,1989
22.2,2136.0,160.2,1989
32.5,2543.0,149.8,1989
0.0,0.0,0.0,1989
39.8,2942.0,142.3,1989
0.0,0.0,0.0,1989
47.7,3493.0,134.2,1989
57.7,4457.0,123.7,1989
56.1,4274.0,125.5,1989
38.1,2826.0,143.1,1989
51.0,3760.0,130.7,1989
32.8,2537.0,146.8,1989
46.6,3389.0,134.5,1989
37.3,2770.0,142.0,1989
35.7,2674.0,142.7,1989
37.5,2774.0,140.6,1989
46.4,3362.0,133.2,1989
38.2,2808.0,138.8,1989
44.7,3224.0,133.5,1989
49.7,3614.0,129.2,1989
48.1,3477.0,129.9,1989
43.5,3131.0,132.3,1989
22.2,2075.0,139.6,1989
42.2,3030.0,130.8,1989
29.5,2332.0,131.3,1989
43.8,3121.0,125.5,1989
52.2,3789.0,120.2,1989
44.9,3185.0,121.3,1989
0.0,0.0,0.0,1989
51.1,3677.0,117.4,1989
19.6,1963.0,121.0,1989
49.8,3559.0,116.1,1989
19.2,1948.0,117.9,1989
0.0,0.0,0.0,1989
23.2,1943.0,98.0,1990
32.3,2334.0,124.9,1990
18.4,1820.0,134.5,1990
25.9,2066.0,131.6,1990
25.9,2065.0,134.3,1990
31.7,2316.0,135.0,1990
53.3,3818.0,116.8,1990
37.5,2621.0,132.2,1990
29.2,2204.0,140.5,1990
31.5,2305.0,139.6,1990
38.3,2666.0,134.4,1990
33.6,2411.0,139.7,1990
38.1,2655.0,136.3,1990
33.6,2409.0,141.5,1990
35.0,2480.0,141.0,1990
22.5,1946.0,153.9,1990
11.1,1651.0,164.8,1990
36.6,2565.0,141.6,1990
37.5,2615.0,141.3,1990
40.5,2801.0,138.7,1990
42.9,2955.0,136.7,1990
44.1,3041.0,135.8,1990
27.4,2117.0,153.9,1990
41.4,2851.0,139.5,1990
38.5,2667.0,142.9,1990
24.0,1980.0,158.3,1990
36.9,2565.0,145.1,1990
46.0,3170.0,135.6,1990
44.3,3042.0,137.6,1990
42.0,2876.0,140.0,1990
43.2,2954.0,138.8,1990
52.6,3727.0,129.1,1990
45.9,3149.0,135.9,1990
50.2,3501.0,131.5,1990
60.4,4594.0,120.9,1990
42.7,2899.0,138.3,1990
47.3,3242.0,133.8,1990
30.6,2209.0,147.0,1990
42.9,2907.0,136.9,1990
48.9,3359.0,131.5,1990
29.7,2156.0,144.9,1990
48.2,3294.0,131.3,1990
33.8,2347.0,140.7,1990
25.7,1985.0,143.6,1990
26.3,1999.0,140.9,1990
11.1,1563.0,141.9,1990
8.4,1514.0,140.1,1990
35.6,2421.0,133.9,1990
38.6,2590.0,131.5,1990
6.4,1476.0,135.1,1990
8.6,1505.0,133.9,1990
30.2,2136.0,129.8,1990
43.5,2886.0,124.7,1990
34.6,2341.0,125.1,1990
50.4,3416.0,119.3,1990
-4.2,1376.0,119.9,1990
36.4,2421.0,117.4,1990
34.3,2305.0,113.8,1990
25.2,1905.0,112.2,1990
14.8,1593.0,108.1,1990
31.9,2181.0,108.4,1990
36.0,2389.0,107.3,1990
28.1,2010.0,105.3,1990
-3.8,1358.0,98.0,1990
6.9,1450.0,67.3,1990
21.9,1793.0,70.5,1990
27.6,1980.0,26.5,1990
1.3,1244.0,89.2,1990
26.7,1825.0,86.9,1990
1.6,1247.0,94.0,1990
-6.6,1214.0,97.4,1990
18.3,1547.0,94.9,1990
22.0,1660.0,95.5,1990
28.4,1897.0,95.2,1990
32.3,2070.0,98.2,1990
23.4,1711.0,105.6,1990
31.0,2023.0,111.1,1990
13.5,1447.0,129.2,1990
19.7,1606.0,128.1,1990
18.5,1573.0,131.6,1990
38.0,2403.0,123.4,1990
16.4,1520.0,140.1,1990
45.6,2920.0,121.3,1990
27.8,1903.0,139.3,1990
33.0,2136.0,136.2,1990
26.3,1840.0,142.9,1990
33.4,2158.0,141.7,1990
48.5,3031.0,125.0,1990
28.5,1803.0,128.7,1990
5.9,1180.0,125.3,1990
0.0,0.0,0.0,1990
36.4,2161.0,113.6,1990
53.2,3403.0,110.0,1990
23.1,1567.0,109.0,1990
39.6,2343.0,108.6,1990
29.8,1825.0,104.0,1990
28.4,1764.0,101.0,1990
0.0,0.0,0.0,1990
-6.9,1072.0,78.4,1990
-6.8,1073.0,76.8,1990
20.5,1479.0,81.7,1990
17.3,1410.0,42.0,1991
-7.2,1052.0,10.8,1991
19.8,1346.0,48.6,1991
9.3,1063.0,69.9,1991
20.1,1319.0,73.0,1991
-0.6,937.0,78.5,1991
16.6,1217.0,78.2,1991
11.3,1094.0,80.8,1991
11.2,1091.0,82.5,1991
4.5,984.0,85.5,1991
10.2,1071.0,85.9,1991
19.7,1302.0,88.5,1991
22.5,1393.0,89.4,1991
27.3,1570.0,91.2,1991
3.3,975.0,106.8,1991
3.2,974.0,110.1,1991
14.2,1165.0,111.9,1991
29.4,1667.0,107.8,1991
23.8,1449.0,111.5,1991
11.7,1113.0,117.4,1991
10.2,1088.0,124.2,1991
30.0,1703.0,118.5,1991
25.3,1511.0,122.4,1991
25.1,1509.0,126.7,1991
42.6,2416.0,116.6,1991
16.9,1246.0,134.0,1991
16.7,1241.0,135.6,1991
22.2,1405.0,134.0,1991
17.2,1255.0,138.3,1991
27.6,1608.0,134.6,1991
33.9,1902.0,131.0,1991
38.9,2186.0,128.0,1991
38.2,2143.0,129.6,1991
31.7,1795.0,136.2,1991
33.9,1903.0,135.4,1991
33.8,1898.0,136.5,1991
12.5,1132.0,158.6,1991
35.8,2000.0,139.4,1991
42.9,2442.0,134.4,1991
30.5,1722.0,148.5,1991
16.7,1220.0,163.3,1991
25.0,1488.0,155.4,1991
22.6,1398.0,158.5,1991
0.0,0.0,0.0,1991
49.4,2941.0,130.8,1991
35.2,1945.0,146.4,1991
41.6,2328.0,139.9,1991
38.3,2114.0,143.6,1991
40.4,2245.0,141.5,1991
51.9,3156.0,129.3,1991
46.1,2645.0,135.7,1991
36.8,2011.0,145.2,1991
38.7,2123.0,143.2,1991
42.6,2372.0,139.3,1991
48.5,2827.0,133.3,1991
44.5,2503.0,137.1,1991
49.6,2914.0,132.0,1991
47.1,2699.0,134.2,1991
45.6,2569.0,135.0,1991
50.5,2968.0,130.4,1991
51.0,3016.0,129.6,1991
44.9,2501.0,134.4,1991
34.4,1832.0,141.1,1991
40.6,2191.0,136.3,1991
36.4,1930.0,137.3,1991
46.0,2564.0,130.7,1991
30.0,1594.0,138.3,1991
52.2,3082.0,125.3,1991
38.2,2015.0,132.7,1991
32.7,1711.0,133.8,1991
42.0,2252.0,129.0,1991
34.6,1802.0,130.9,1991
16.8,1105.0,132.5,1991
52.3,3066.0,121.6,1991
30.4,1588.0,128.3,1991
0.0,0.0,0.0,1991
37.3,1935.0,124.4,1991
42.9,2283.0,121.9,1991
42.9,2281.0,120.8,1991
49.4,2776.0,118.0,1991
-4.9,765.0,116.1,1991
50.6,2876.0,115.9,1991
9.4,911.0,113.1,1991
37.5,1922.0,112.3,1991
34.3,1743.0,111.0,1991
33.5,1701.0,107.0,1991
9.5,905.0,102.1,1991
13.2,978.0,99.7,1991
-6.9,746.0,90.6,1991
18.9,1125.0,94.7,1991
0.0,0.0,0.0,1991
0.0,0.0,0.0,1991
14.6,1010.0,89.2,1991
37.0,1885.0,91.8,1991
27.8,1437.0,88.0,1991
26.3,1380.0,83.3,1991
19.3,1144.0,75.3,1991
26.0,1370.0,76.1,1991
19.9,1163.0,72.5,1991
14.8,1026.0,67.8,1991
0.0,0.0,0.0,1991
2.8,824.0,50.2,1991
15.0,874.0,56.5,1991
11.4,789.0,60.1,1991
18.2,954.0,61.0,1991
4.0,659.0,66.4,1991
9.7,747.0,66.8,1991
4.8,667.0,69.4,1991
12.2,793.0,71.2,1991
21.6,1046.0,71.4,1991
18.5,948.0,73.4,1991
14.5,843.0,75.6,1991
13.2,812.0,77.4,1991
14.1,831.0,78.8,1991
8.3,713.0,83.2,1991
10.7,756.0,84.3,1991
18.3,937.0,84.3,1991
16.8,896.0,87.8,1991
13.0,803.0,90.2,1991
19.0,960.0,91.9,1991
19.4,971.0,93.3,1991
14.8,846.0,96.1,1991
29.6,1345.0,95.0,1991
17.5,919.0,100.1,1991
23.6,1110.0,99.8,1991
22.9,1088.0,101.5,1991
0.0,0.0,0.0,1991
28.4,1301.0,103.9,1991
32.3,1476.0,103.8,1991
18.7,959.0,110.5,1991
26.3,1220.0,112.0,1991
39.6,1885.0,109.3,1991
24.4,1153.0,121.5,1991
20.0,1007.0,125.1,1991
9.9,758.0,130.9,1991
35.9,1681.0,124.9,1991
14.3,853.0,144.4,1991
43.8,2187.0,126.4,1992
49.6,2643.0,122.5,1992
32.3,1496.0,139.9,1992
59.1,3652.0,115.4,1992
32.4,1487.0,145.1,1992
49.2,2601.0,128.7,1992
0.0,0.0,0.0,1992
36.4,1685.0,144.0,1992
14.0,807.0,168.3,1992
50.8,2727.0,129.8,1992
43.7,2138.0,137.8,1992
31.1,1391.0,151.1,1992
52.5,2873.0,128.6,1992
51.7,2792.0,129.7,1992
37.6,1727.0,144.4,1992
51.7,2785.0,129.9,1992
0.0,0.0,0.0,1992
28.6,1254.0,151.8,1992
42.1,1992.0,139.4,1992
49.7,2580.0,131.9,1992
51.1,2699.0,130.4,1992
46.2,2278.0,134.8,1992
45.4,2213.0,135.2,1992
55.0,3073.0,126.2,1992
54.7,3040.0,126.3,1992
56.5,3223.0,124.5,1992
42.0,1945.0,136.1,1992
37.5,1660.0,138.4,1992
57.4,3312.0,122.9,1992
47.3,2324.0,130.5,1992
25.1,1053.0,139.8,1992
0.0,0.0,0.0,1992
47.5,2318.0,127.1,1992
52.5,2749.0,123.5,1992
50.8,2592.0,123.8,1992
36.2,1543.0,129.3,1992
36.1,1535.0,128.2,1992
33.4,1391.0,127.7,1992
46.1,2179.0,121.9,1992
50.4,2524.0,119.5,1992
36.2,1526.0,122.3,1992
21.8,896.0,122.0,1992
34.3,1415.0,118.8,1992
10.7,596.0,116.3,1992
0.9,449.0,112.7,1992
4.4,488.0,111.9,1992
35.7,1479.0,113.6,1992
46.3,2157.0,111.9,1992
7.9,537.0,107.9,1992
16.2,715.0,107.8,1992
15.3,690.0,103.1,1992
13.4,643.0,101.1,1992
20.6,836.0,101.0,1992
6.0,517.0,95.0,1992
27.6,1087.0,97.9,1992
15.9,705.0,87.8,1992
41.2,1796.0,93.0,1992
18.3,771.0,82.4,1992
18.4,774.0,79.4,1992
-4.7,406.0,72.0,1992
13.4,650.0,74.9,1992
0.4,443.0,68.4,1992
-0.3,439.0,66.6,1992
9.7,575.0,67.6,1992
3.0,475.0,64.2,1992
6.7,526.0,63.6,1992
20.8,858.0,63.9,1992
18.2,781.0,61.3,1992
20.7,859.0,60.9,1992
4.1,494.0,53.5,1992
-6.1,413.0,50.0,1992
9.4,578.0,50.4,1992
-2.5,431.0,45.8,1992
-9.1,410.0,40.6,1992
11.1,615.0,43.4,1992
-0.9,442.0,35.1,1992
3.0,473.0,21.7,1992
3.3,474.0,18.6,1992
1.2,398.0,9.2,1992
1.4,397.0,10.7,1992
-5.4,333.0,18.9,1992
-5.2,321.0,23.2,1992
19.5,735.0,24.1,1992
-1.2,308.0,35.6,1992
0.0,0.0,0.0,1992
12.8,445.0,87.2,1992
25.2,811.0,90.4,1992
23.4,744.0,92.4,1992
35.3,1259.0,90.5,1992
27.6,905.0,95.6,1992
0.0,0.0,0.0,1992
30.0,1010.0,101.9,1992
34.1,1204.0,101.7,1992
40.5,1570.0,101.4,1992
0.0,0.0,0.0,1992
0.0,0.0,0.0,1992
34.1,1177.0,147.4,1992
22.7,680.0,155.5,1992
13.8,415.0,158.9,1992
13.8,411.0,157.5,1992
46.1,1940.0,134.9,1992
27.2,853.0,149.1,1992
16.0,473.0,152.8,1992
15.3,451.0,151.6,1992
46.7,1993.0,132.9,1992
26.1,808.0,144.4,1992
18.9,553.0,145.3,1992
16.0,468.0,144.3,1992
44.6,1826.0,131.7,1992
33.8,1156.0,136.7,1992
24.0,727.0,138.8,1992
17.1,502.0,138.3,1992
15.1,447.0,136.9,1992
44.9,1842.0,127.7,1992
30.8,1008.0,132.0,1992
23.8,718.0,132.0,1992
14.7,438.0,130.8,1992
13.3,401.0,129.1,1992
47.5,2036.0,122.4,1992
35.3,1224.0,125.0,1992
23.0,684.0,125.0,1992
14.9,440.0,123.2,1992
16.0,466.0,121.8,1992
25.3,762.0,120.7,1992
